age,2003,2004,2005,2006,2007,2008,2009,2010,2011,2012,2013,2014,2015,2016,2017,2018,2019,2020,2021,2022,2023,2024
1,0.006825912463886716,0.004413280164881939,0.006035148795090748,0.0010152193375111906,0.003162610432804054,0.0056457000021548475,0.004139468521490993,-0.0014506185276221945,-0.0011167978489193024,-0.0027077933111359356,0.003379566648739083,-0.00024529676226998746,-0.0013511930331549966,-0.00046605592671120533,-4.140983939193792e-06,0.0009703036028904834,0.00149428874053434,0.013405814754748762,0.01998920414291016,0.006613064135362854,0.009050835442532436,0.005970755483346872
2,0.007355928296232472,0.008481190785013398,0.005278614177911602,0.005298792513141592,0.002289528804239921,0.005925443594335015,0.004664052511660131,0.00230186795874399,-0.0015772953682958368,-0.0013370269221319793,0.004995287464655985,0.002385178508169144,-0.0019122858277332015,-0.002602415103783767,-0.0012147118211271806,-0.0003416325896785548,0.0008524442403680179,0.0034405129172828727,0.015536247810707785,0.004521947036045635,0.008863343096993872,0.006404421004719828
3,0.0051426634679653345,0.008217569580174293,0.008477656234994153,0.005376622416152054,0.004231640859309336,0.004734566259835423,0.005478777155638987,0.003369827953931466,0.0015983923929280882,-0.0016325053069602012,0.004590484238148974,0.0028098601201855446,-0.001015822029460689,-0.0020473076309591946,-0.003034597945177283,-0.000913644560208375,0.00028168430645595575,0.0018754792242355245,0.01514276842607049,0.002405477364390368,0.007686102219514891,0.0065532392941468265
4,0.007120414811388038,0.006060126552471804,0.008971045958471239,0.008563239316957492,0.003703785437907343,0.007164020856632438,0.0037779751332149203,0.0030508250282102957,0.0018191931072597672,0.0007165364221655677,0.004220827796210407,0.002745253922678601,-0.0006960006042795945,-0.0013446934617521763,-0.002106039067024693,-0.002392988955284337,-0.0008101972549554392,0.0017041242706223884,0.018611563379803943,0.001107188323255909,0.006153320229040253,0.006938949844906419
5,0.007591717914477369,0.008182068733205228,0.006783831151322688,0.009140208249973724,0.006976085431126894,0.007592775137325892,0.005784545942886397,0.0022720556618246873,0.002077022779502192,0.0015471309120292523,0.004304979986704949,0.0019753458608003393,-0.00026545618645642535,-0.0011392124856248662,-0.0015931777125751613,-0.0018240610231324104,-0.0004612182468976174,0.0018143866409762364,0.01973875961460945,-0.0037275612674957073,0.005136061520850861,0.00628556867408477
6,0.006804207073232889,0.008782897394368636,0.00949580358380208,0.007095205946954269,0.007480549475045954,0.01054055992013223,0.0061099129701087055,0.0037368069208890196,0.0009551368176112399,0.0019659682883088046,0.0037621063558588934,0.002003313036145893,-0.0007749361508589021,-0.0008833187293663648,-0.0014251892745047873,-0.0013728021697333346,-0.00020199503129979084,0.0003411434813988066,0.003780472168352219,-0.005065697987910435,0.00550049719648035,0.005790555293916171
7,0.0063629080789767214,0.007605141654327661,0.009204103424605294,0.009344423528615298,0.005654642088117865,0.011228191084188762,0.0093644474848626,0.0039780511344946375,0.003012241807845042,0.0015098279924931916,0.0032405903023781492,0.0016128209592855044,-0.0007290973072591739,-0.0015930898415138204,-0.00165126431568205,-0.0013009203876417977,0.000433427087518788,-0.00025679321914846614,0.006201568724854176,0.009101233257024017,0.004751242311320466,0.005430932213073713
8,0.0072104989436666675,0.00669975280616423,0.007795175943939709,0.010163112379951897,0.007722691110986902,0.009681139406938395,0.009275948713258042,0.007076691799797757,0.003069378761339149,0.0025456843529422235,0.0033690965960324615,0.0014000148674145213,-0.0006268810822390717,-0.000713805992454051,-0.001504452864860505,-0.001359399734508877,0.0003414621808051281,0.00017292384471066867,0.0048841017388988675,0.004950659924731162,0.004230692397609926,0.005296552171647224
9,0.006726744089082105,0.007652530479616579,0.007837506526526072,0.009031837273243533,0.008061408857449602,0.011289114860180263,0.008473435715376948,0.00790591797676737,0.0059906390671284485,0.0032125371505692833,0.0035939733470652475,0.001967629769659184,-0.0003146071387541204,-0.0005148217715140153,-0.0011295339704702522,-0.0010115041030891265,0.0005828852107094495,0.0008217579841463921,0.00667965540191336,0.006014370586720646,0.004181579993917702,0.005146436097926063
10,0.005793907510752497,0.006970789685366496,0.009752984458292665,0.008752616118103069,0.007336879801477035,0.011455480595818582,0.01044277589166717,0.006674541700105501,0.0068830307902791295,0.004876772967625771,0.003651280363231732,0.0014030704773093602,0.00015240644521601423,-0.0007231169345499614,-0.0008526183293603077,-0.000722169184864743,0.0006996289154169736,-0.0005008471776728722,0.005496746344826092,0.005196723884800414,0.003940148600957667,0.005016414001696728
11,0.004078577053325188,0.006324215436810857,0.00835018115213489,0.009247968235320361,0.006994555448459114,0.010322204725570966,0.010780914644213307,0.008626850710973362,0.005379830740456757,0.005408897978623559,0.0036579773474529607,0.0016434263835885517,0.0001289793668349877,-0.0004308766939496855,-0.0007767189551272297,-0.00047153959437038026,0.0008601786633387624,0.00011593775196698937,0.006206864689283607,0.0050628867607575125,0.0035090362275839644,0.004562981048369088
12,0.0036623181739478703,0.00438908075486562,0.007192286553619936,0.008915525486655718,0.007743157049422487,0.010137163996252613,0.009941159722881275,0.008662321894277205,0.007229205271758922,0.004909132054761323,0.003932530456211848,0.0014906705194766246,0.0005356396088585182,-6.006483468920865e-05,-0.0007902811192903942,-0.0004975573651770047,0.0008678309331558945,0.00037512416081379046,0.006544454338994304,0.004625108387181086,0.0034695623137320024,0.004558611106534193
13,0.003695661066264021,0.003903370665123906,0.006076893448650163,0.008174757450814599,0.007043518884536601,0.010757856836064226,0.009649454965856478,0.007701885353587376,0.007502968800604555,0.005773912671797055,0.0038425119779272776,0.002125101701295705,0.00044389329650663023,8.892904529334134e-05,-0.0006589861506905221,-8.417626509911755e-05,0.0009867523623595606,0.0008565257766771725,0.007003212886756745,0.004702798819676022,0.003547345994557689,0.00439002341820356
14,0.00425301837084836,0.003988595911467701,0.005014728269076884,0.006121976643214751,0.0064518471892703235,0.009918638261428112,0.010240117463893776,0.008002710449362066,0.006740992731778786,0.005893383337798017,0.003107663267420179,0.002177979619198016,0.0014523913389697888,0.00021304467247462833,-0.0005157425982045044,0.0005056147993098181,0.0017257587024539446,0.0014795543638889627,0.00723469984869865,0.004694031325010533,0.0038436287467998706,0.004699646519318822
15,0.004155950958310158,0.0044408629772080275,0.00546937046645841,0.006457774891535635,0.004917247379226489,0.008929323127410805,0.009888360638070453,0.008690064508738393,0.006979356705700497,0.005723273577108331,0.0034815801154016866,0.001922370818093234,0.0015827860559721092,0.0009507231546031422,-0.00029925520660051367,0.00031316391639946904,0.0016380001908349736,0.001824331895344277,0.007499942566415314,0.00473498726403573,0.0038142435547636284,0.005064267930397892
16,0.0017369931235823202,0.00527215392349527,0.006454924134935066,0.007296707617397654,0.005295753958516022,0.0075902046773560616,0.009344155092198388,0.008799613726697643,0.007779408346183672,0.005627965257622654,0.003939037025885353,0.002215101970768439,0.0015328316686546496,0.0014606195842689512,0.0007874872421885929,0.001292465139538692,0.0025525541550601052,0.0020198955299447307,0.004491358067842226,0.004723608394797541,0.004337603795142856,0.005826168353903758
17,0.00202124642953475,0.002732225799711777,0.007824931034043815,0.008482909738986053,0.0067019129901405555,0.008287571033274897,0.008802197389233749,0.008845974094776606,0.007949417840408153,0.006830151270506742,0.005101252948662652,0.0026145451273664544,0.002617999763444391,0.002318597864004912,0.002351155018081753,0.00427255298845755,0.00377918581319321,0.003143978978632653,0.0029348281532237336,0.00980723059257455,0.006169606569740646,0.007185438249491694
18,0.0033338963762218456,0.004389801993011518,0.008261607478366484,0.011944887515968618,0.009999292421488986,0.012433530894286426,0.0124316033263808,0.011119671506582569,0.010338795401560687,0.008764172530667722,0.007007670487336526,0.004655064325006843,0.0042529530485948715,0.004887788627792078,0.009835633989451791,0.015620069422530768,0.008391911187324847,0.0068624187529564284,0.0013689689753426401,6.143875521571146e-05,0.01020300921578796,0.009223690100669394
19,0.001397527655593351,0.006380355578984959,0.005885900125242883,0.006371080557871384,0.009831821294077371,0.016395123326526952,0.016107164533805212,0.013158532812722088,0.011255279313798059,0.009938357026041011,0.008653918311377327,0.005831794918106525,0.005565115898899809,0.006808847647215486,0.011942767231681974,0.02071018772300906,0.010710648507758963,0.006595975619938215,0.0027405269119742757,0.001990592815143342,0.013071608613535355,0.010161357167099578
20,-4.471429164577338e-05,0.007804280655406908,0.00701073153916733,0.0040529808111085495,0.004521209844864232,0.020679937705925352,0.017621841534556093,0.01373679995154093,0.01104501851839626,0.009623043637381326,0.009255434925130465,0.005583380396957717,0.004675680762198122,0.005457402716814639,0.009674320500370684,0.013727235264173094,0.008229394586955227,0.0032841760099737846,0.0036648700621589045,-0.0011209789651594184,0.01144388231768584,0.011658913116926996
21,-0.0005443238506664821,0.010241627672996152,0.008124204498115494,0.005231929874017545,0.005047051378880973,0.020626031956808514,0.021414806126720847,0.014693249101289912,0.013381357057495685,0.010026510996186596,0.010244819362478964,0.0064081848077625755,0.0036001345216075333,0.00477593984962406,0.009153513019198907,0.012839273802813989,0.00796117964151633,0.0015182784512546485,0.0009992203697966493,-0.007431157226488382,0.010791541877158481,0.013092080267418637
22,0.0005597786721250214,0.012719874705849945,0.010498227110118356,0.005649606781488106,0.006752087388202459,0.023417705450760364,0.021191837573184512,0.016648685634538488,0.015652728889004666,0.012403733076512345,0.011754951367181818,0.007403558903753734,0.004832819930258939,0.00433951420897693,0.006867309554026826,0.010012852008944723,0.006761149174128947,0.0014776480316948724,0.0012478563009154882,-0.007715395930583544,0.012265018190221631,0.014591439688715954
23,0.0027989905182522158,0.016731707092147347,0.012686008088457008,0.0062466365468130105,0.007162416316666504,0.025104498448896485,0.022278230641125503,0.01634147445429232,0.01887826583836859,0.01395755185790773,0.01327908237140338,0.009121536891105463,0.005044481691593605,0.0048770225913578585,0.006401070348380381,0.009064516731813634,0.00722880057857696,0.002006440216702305,-0.0002673439379762064,-0.008390637920900302,0.012515681018940614,0.015534117481169877
24,0.0047445348210176826,0.020078378534787337,0.015023272618430342,0.005927422077882213,0.006322905022721726,0.02356786707174694,0.023367191796331642,0.016180748112893155,0.01686880532834543,0.014787466951384812,0.014510052535306793,0.010585592417969641,0.005580171631832148,0.004483571462933564,0.006179754631619824,0.007351624816830994,0.006663243575390779,0.0019102326148510425,-0.0016768390403217371,-0.006637995670578041,0.01258035752197359,0.017222089636110365
25,0.00588321512617359,0.022601878455367368,0.018087396718259048,0.006934298416102585,0.006034390686745701,0.0234070361695948,0.02163093807060855,0.01626661314004745,0.017601059629639065,0.014155855531440695,0.014729884974131666,0.010462751575879883,0.00508568566702425,0.004826628632958978,0.004995162881581594,0.00700898954925193,0.004380429255738411,0.0010987301889916266,-0.004142777943045677,-0.005474933591083293,0.011976098916545554,0.01741246800473681
26,0.006252582783836714,0.02388363373391241,0.019862827371874666,0.008897315802558746,0.006136657097090523,0.022565650284743655,0.020051778665076573,0.015030787901966016,0.01724419478101832,0.0141270337922403,0.014957910882711874,0.010792572068245512,0.004638975724030295,0.004294436095898593,0.00649232639606951,0.004744771934840795,0.0037174721189591076,-6.389619326140915e-05,-0.007346897865089706,-0.0046403397258227945,0.012248788544010004,0.01833325476304323
27,0.00583983712659256,0.023564222582167407,0.020084888368237887,0.009443633899547218,0.006674682517090331,0.022649026093348033,0.018367237973196646,0.012645807866595237,0.015174350061378027,0.013060953665185213,0.013995032627308208,0.01017692211928336,0.004242972625679017,0.003863825110104432,0.004856754692410753,0.0054480134986208744,0.0032836802514378946,0.0005531199421738242,-0.009807873169420932,-0.002393045023577047,0.012814457231429268,0.017498745293802676
28,0.007651934659714916,0.02368805626678249,0.021678508147819565,0.011991665385643847,0.008998957706366799,0.02358282194779506,0.01988623703923054,0.011741437867375056,0.014150991650871083,0.014025656835337711,0.012984621885516804,0.009109967716513871,0.003700289065583412,0.004023257305450012,0.00494537758584833,0.003906499461843874,0.0027510465433107922,0.0006523804796414744,-0.010476770811411844,-0.001075553496376212,0.013019568151147099,0.017342860317663418
29,0.0070201947025990245,0.022485484076367353,0.018313386880699858,0.01015435200452714,0.007947368152319875,0.021159920217127922,0.016762486994503674,0.00977884145112482,0.010429112265902776,0.010175143310862805,0.011784655890999682,0.008319006486560573,0.003077085437742164,0.003711515177890063,0.004424675355025668,0.0037371914458487654,0.003129484961560243,0.00012351149351641854,-0.011413939557142925,-0.00033488289415002436,0.012912256290480213,0.0159412373983794
30,0.00787739286700435,0.022273759647566227,0.019219548757444783,0.009738428638185321,0.00794185470921318,0.020999708724339247,0.017618029920341945,0.00922850658242461,0.009989824532507758,0.009945365311602927,0.01131800395716448,0.007539810461796981,0.0025413035705315165,0.00302856773545799,0.0041267221128817215,0.0030107260022181033,0.003104752029155562,0.00034027704738512555,-0.011145535688097896,0.0007996622940112941,0.0129028673038453,0.014937406477673205
31,0.005688604144189743,0.018135497496712998,0.014445207736429693,0.007282379064618867,0.004073923356894608,0.01647006401165242,0.012625711351356716,0.006947096169805461,0.007005089740155371,0.005143825336587496,0.010432829841617343,0.00724742961685105,0.002233868515917942,0.0024213824428403422,0.0031902491361302833,0.003071912357970317,0.0035908919392053642,-4.685029969078802e-05,-0.011209860966800256,0.0012722983953429195,0.012201818653534246,0.01319149136267667
32,0.003993658513646959,0.014024627807105356,0.010736881341801383,0.0035885075266165077,0.0022645501720271223,0.01162839539950117,0.008173481436439868,0.003619589142947436,0.004682029047793607,0.0018714337017676868,0.009639657476612384,0.006371525257150516,0.002043191299562093,0.0017117524444836068,0.002506685720418536,0.001855185033048284,0.003047130593068162,0.00021110765257535927,-0.00943548789316422,0.0014308008419051073,0.011783818842884495,0.012425837313050274
33,0.005105457434442518,0.01415917558515188,0.010681835002982294,0.0041395849722372854,0.002160327219903537,0.011397490196762642,0.006728731999856358,0.0029583862242763,0.004072760469935778,0.0013814552838777375,0.008703767871201229,0.006139021324519725,0.0016604797496379406,0.0018056343618368276,0.0017275739842932088,0.0017158293321757597,0.0027120231036338724,-4.291648146161274e-05,-0.008385521379767214,0.002219991211581183,0.011039681957224746,0.011506350297251234
34,0.00635964719047661,0.013060553672450601,0.010352638465852238,0.003665851793618144,0.0023274740821309318,0.010233138640581122,0.006979005839378283,0.002535949169546316,0.004239772045241328,0.001846397701180163,0.007524701223250812,0.005818690090590464,0.0012939429663507153,0.0012533358815521422,0.0016865923580207302,0.0010926271420674406,0.0026908481881427,7.4345462547729786e-06,-0.008263310045033584,0.001649959916228024,0.010515130247859904,0.010534574439332372
35,0.0054633638711835434,0.01329997395166392,0.009614503190266967,0.004148686666412725,0.0020590703174122884,0.010065553475353217,0.00647844708003884,0.0031275127975339653,0.003505767894371091,0.0010084681148841306,0.006636722551025113,0.005146520580470657,0.0011724464613315118,0.0016572427319903268,0.0011992066148624164,0.0011447846147632649,0.002228884910449156,0.0001752095944773936,-0.007825545208396217,0.002007693841372094,0.010215382324565621,0.009772963526522741
36,0.0071368028479403284,0.015009474690129254,0.013084362491062151,0.006179356536097451,0.0049476674430476335,0.012085967021917929,0.009107710536653008,0.005382619275785212,0.005590837771776836,0.0033372925826123953,0.0058511057627653115,0.004537937883886644,0.0008659748792845906,0.0007175438825789756,0.0012186086808662242,0.0006092464546967928,0.002726535449829661,1.865229961332348e-05,-0.005672876758723179,0.002179001855298691,0.009140688867979824,0.009141716566866267
37,0.0048611235841092715,0.01088918718755786,0.011008702637568616,0.005388335437207874,0.003491987211436258,0.011386701350917041,0.007613364650119554,0.004365980872643115,0.004715500964412586,0.002124976648608257,0.004987079532654548,0.00393490691190488,0.00024236984919076066,0.0005974767145226508,0.0002638250187093732,0.00046771045622661446,0.0022145947871420957,-6.242881381091839e-05,-0.0048380293208680905,0.0015371560117922035,0.008320223946214627,0.008452607316014405
38,0.0040699348560029715,0.00983713423545616,0.00789966355404729,0.004616999840025935,0.003369013558768449,0.010142549878864494,0.007270361918573652,0.0034902181491343756,0.0038768268262438198,0.0018206393130177842,0.004450658277991378,0.0031822217533866047,0.00014235970393773828,0.0004978174005774682,0.00015113824441779567,-8.617751785245625e-05,0.0023307228339434077,-0.00027139098210472663,-0.0036710434309688445,0.0015095025129540402,0.00760655257082127,0.0072490419637666545
39,0.003369292316181542,0.010084237936061464,0.007808872128157127,0.0031512062759804153,0.003694130624374513,0.011277945175510446,0.006920845034557644,0.003909599639211601,0.003564926232081197,0.0014863025981286724,0.003995360912495744,0.0029873504215823152,-0.00016211148012162743,5.2803340844417254e-05,-0.00026736877947950615,-0.0003418676377689421,0.0016623247736012902,-0.00034812342655603777,-0.003559356366948558,0.0012142648267026862,0.006930078758747173,0.006359076122694817
40,0.0026097700424314962,0.008900347346724184,0.00779036681486846,0.003262578697571972,0.002236586144076083,0.010957548299788603,0.0075037571040095985,0.003268044405928329,0.0037593945318472916,0.0012542917526407378,0.004010958511647895,0.0022361288476518,-0.0004552312164556097,-0.0003505681394910627,-0.00047290929898083454,-0.0007243674077840713,0.00128492021599546,-0.0002568220809628351,-0.0031099995966278084,0.0004674254262836913,0.006208605817508157,0.005894488231753607
41,0.0016618091593112597,0.008540167583641605,0.006862755786191634,0.0034021625627378986,0.00219029063828385,0.006668083878395018,0.007236593905796446,0.004238439723080307,0.0033321993745465874,0.001208165941066716,0.0036196644833439203,0.0024192017054008204,-0.0004842947853717597,-0.0006090044302705705,-0.0006937107938330974,-0.000757931581745792,0.0009025151609345352,-0.0007412531509446337,-0.0033030327134550663,0.0007108010741593463,0.0055829859229688935,0.00515435417835807
42,0.001677555120942094,0.007728053513060146,0.006418615107913669,0.002617032910515232,0.0027375270090457416,0.006594528945337746,0.004819247609759283,0.004189212056676118,0.004237078048175846,0.0010866190624029804,0.0034910588180976825,0.001953753219075604,-0.00042699576039258494,-0.0007363154815619622,-0.001012468518228117,-0.0010067434262834608,0.0005217605165199263,-0.000926881851941116,-0.0031740252535009633,0.0009773163181733735,0.005019246735602687,0.004598020308266677
43,0.001956291621444172,0.008091240997203614,0.005916281533712073,0.002233863131205951,0.0018186098649865764,0.006895642161114746,0.004785387419371632,0.002503654970760234,0.00396623154572058,0.0017259432516441718,0.0029186491581722177,0.00184350011972817,-0.0004618559775658119,-0.0007297626962480565,-0.0011201089194760262,-0.0010861881328415462,0.00014819970294192877,-0.0012876399202834876,-0.0025815944676346545,0.0007901318004445113,0.004336773038289863,0.0038556032979824803
44,0.0021824108382036494,0.007935108875237525,0.005725669437075917,0.0015685473344910167,0.0015958810221662525,0.006342800102623143,0.005088202222284915,0.002299009383981299,0.002659439795994839,0.0017327208937687548,0.002962316459595441,0.0014464316774640451,-0.0005103872680816954,-0.0010246336856871417,-0.0011378781401664697,-0.0010450527984839316,0.00015609179885251435,-0.0006991794245874073,-0.0030283024944103495,0.0011876470269717408,0.003693060150329272,0.0034565195606992686
45,0.002173200619445712,0.007839061650344818,0.005503730668191259,0.001509021348730268,0.0005586706132458196,0.0059338497588851975,0.004474318461785657,0.0027537687636209804,0.0027944455706466653,0.0006787522271557454,0.002429582465321235,0.0015336025839872644,-0.0007536583408749953,-0.0012583450204520226,-0.001344072082087958,-0.001380435991197098,2.015900147160711e-05,-0.001177887353054071,-0.0025822934412382706,0.0012736046588089258,0.0030935938330036226,0.002798872040962723
46,0.0011473690065491875,0.007869906104851719,0.0056703149306527294,0.001961285307633898,0.0010660619414717967,0.005430689340785666,0.003964272875591074,0.002037906554892842,0.002886165898055462,0.0006903473670272712,0.0017017857647538567,0.001155790110961966,-0.0010538872698390956,-0.0013468335181629394,-0.0015276003186944402,-0.001440383493018242,-0.0003802497043085863,-0.0012116376630459,-0.0032316607738038052,0.0011750066073473702,0.00265112018757165,0.001980551535077209
47,0.0006452533306458685,0.006325908315675229,0.0057256060554009645,0.0018790300745093714,0.001039182445957724,0.0054308924482453814,0.003604659021785658,0.0017462505191927805,0.0022689588969369056,0.0007665653883266745,0.0014544866874065694,0.0002216825707117018,-0.0011310409139543573,-0.001499101562340113,-0.0017344146961110025,-0.0017362329191018084,-0.0007051108053550982,-0.0012893476972481307,-0.0035808979120104016,0.001141791914249097,0.002103070240566157,0.0012502355682826268
48,0.0006028556319407721,0.005360127868740959,0.004028986102694208,0.0019318281014570312,0.0011473241822656463,0.005788504317458799,0.00382092519813065,0.0015309672929714683,0.0019972636607995214,0.0004576488951654863,0.001010015488896304,-0.00011094525356033404,-0.0015312855746854317,-0.0016673970871510543,-0.0017104142604892256,-0.001654839104368041,-0.0009346647322988032,-0.0012124391048556884,-0.0038614629157517175,0.0015959267089048872,0.0017689228191043664,0.0007782152418229774
49,0.00025595578845391694,0.004827866859746108,0.003324087469686404,0.0010166318411650218,0.0014343977675922068,0.005486347866947941,0.0038383790339841612,0.001295789378692132,0.0014837992433072136,7.573595591947841e-05,0.0008002538736426729,-0.00016617593354554763,-0.0018267649817928725,-0.0020169305122539373,-0.0017130594752198494,-0.0018570645445418316,-0.0013195293406336396,-0.001393333837327487,-0.004352365511176316,0.0013974166276734968,0.0017839086332237016,0.0003126056100033795
50,-0.0009494255217706441,0.004226317078338199,0.0030545291975121957,0.0005887028697319845,0.0003053185468881142,0.0052275483983225445,0.003756099622401368,0.0015458275685613025,0.001556401350498811,-0.00011749855644630652,0.0006870596809013872,-0.00037223409388571034,-0.0020451994044538573,-0.0022272547670224817,-0.0020472929731850118,-0.0019859774854375286,-0.0013956468571205245,-0.0015544385868926057,-0.005059591089988592,0.0013458485386659354,0.0012288122185070722,8.499913938371374e-05
51,-0.0013067230351113185,0.002715813371622302,0.0024700457294101206,0.00016648466964591202,0.00012570612499854207,0.003807015841068263,0.0038795763447441963,0.0015825057579434854,0.0015469898156503803,-0.00018689324588575285,0.0004275211718109103,-0.000756782249617496,-0.0019308214266012026,-0.0026317967722343945,-0.002335532812412962,-0.002226756331261916,-0.0015247245146601033,-0.002029966465901507,-0.005884311064450874,0.0015365869381655857,0.0009312125516164533,-0.0003023487334537812
52,-0.001645284110711444,0.0017344980950757846,0.0007978189281165146,-0.00038811122393061007,-0.0004102443116283947,0.0030489622125643677,0.002576306378171242,0.0019354153521293942,0.0015206624648578613,-0.0002385391954143792,0.00023308328804363504,-0.0010068183979281915,-0.002426830138354563,-0.0027158199969387234,-0.002476757277786777,-0.002734889330378489,-0.0019149385513885842,-0.0019478133793638512,-0.006942344586735963,0.0015588617115539162,0.0005117615465539454,-0.0006317165566122451
53,-0.0010221920515394475,0.0008747154540089369,0.00038005076490361527,-0.0016163570939658751,-0.0009214384830443015,0.0020455072923646197,0.0018434525139809145,0.0006078417936281937,0.0017982426605012633,-0.00025429336072130433,-0.00021969740816116812,-0.0014131707514030767,-0.002302338732705864,-0.002779324291910472,-0.0026976356518504546,-0.002743526850377047,-0.0021621511571682335,-0.0022248174469634853,-0.007111363374627774,0.0015307808541195984,0.0003651913962964449,-0.0008742955013330634
54,-0.0009217546606767205,0.0011859066019840323,-0.00044882121910899117,-0.0018775878550650299,-0.0019906771330945256,0.0011289137386749427,0.0010782418899591341,3.73943609303717e-05,0.0004413370483428935,-0.00038464602607128276,-0.0006457730879313282,-0.0014578826676181103,-0.002898500496753772,-0.003247099441157687,-0.0031544871172467363,-0.002946463495700536,-0.002533963758588941,-0.0022198849046806313,-0.00799233290681729,0.0013266198017423147,0.0001608339291106299,-0.001360484056731054
55,-0.0007838451305855348,0.0006459487372077739,-9.172027935376512e-05,-0.0024189290083181133,-0.0024815941562992094,-0.0003145087869340911,0.0006219109478196212,-0.00029541286562243885,-0.00015086126308270164,-0.0012055355759759958,-0.0010709478012569937,-0.001792776752961294,-0.003111693222542857,-0.003497811984785271,-0.00330497175853775,-0.0030316480144863853,-0.0027622325527552117,-0.002208869133573098,-0.008298101844988267,0.0019537994770682937,-0.00021925900797709777,-0.0017471018236672124
56,-0.0015141855275741154,0.0004586663668513257,-0.0003290210310743475,-0.0019760981234930287,-0.0028168270436515794,-0.0011639888036674602,-0.000801697777875901,-0.000816860659690112,-0.0006982171926177261,-0.0015604245386430754,-0.0015103247832874314,-0.0022052764573960285,-0.0036266505592220896,-0.0037136424435268802,-0.00360310292387326,-0.0032571817864450172,-0.0029065313690006993,-0.0027290393867346542,-0.008995415943306762,0.0015372100719735983,-0.0007672762820335284,-0.002237553029386116
57,-0.003042604521039578,-0.0007031306416732229,-0.00042525314055190963,-0.0020135706401627875,-0.002196656565285211,-0.002006735005083023,-0.002071418425142772,-0.002499547733766404,-0.001388978130429968,-0.002113124794739039,-0.002211257782025781,-0.0030125076266015864,-0.003769374736068806,-0.0042498055847489,-0.003965739064137996,-0.0037211505811599395,-0.0032916287895103135,-0.002942840091213568,-0.009012475412928085,0.0013869865805736276,-0.0012527922753054774,-0.0026187496727846107
58,-0.002917562409511692,-0.0024570302586509286,-0.0013818948948492087,-0.00195980734097326,-0.002546807462108245,-0.001704084143595736,-0.0020147491842852218,-0.0027362995004180457,-0.0024753537554632913,-0.002779082136251689,-0.0026696177568917047,-0.0036465641779761505,-0.004304200930706954,-0.004537354163191749,-0.0044313754355585445,-0.004354684964077736,-0.0036600906062749764,-0.003360497831313244,-0.010175673306390283,0.0005677226816087216,-0.0013270576262562016,-0.0030745825916577083
59,-0.003559342890543284,-0.002677805331095543,-0.003325160870051352,-0.0026723982520865017,-0.0024616101464933256,-0.0021447303246764676,-0.0019600761358423715,-0.0032269168457552356,-0.0030057162653732896,-0.003607052001782014,-0.0031821994516952282,-0.0038981357313770345,-0.004670705516889245,-0.005079554505015532,-0.004953619657252857,-0.004560121803748097,-0.0042548079810683865,-0.003564211647401664,-0.010768172217727719,-0.00015682168697263066,-0.0018782914938830525,-0.003587001602941341
60,-0.004263197567045191,-0.003159896635721188,-0.0032097037996464124,-0.0042857537707642005,-0.0031072701975745215,-0.002424054214633383,-0.002339580614111564,-0.003048244947877389,-0.003872036139003964,-0.004073911399724236,-0.003927937665579287,-0.004480043629813155,-0.005006236347678033,-0.00563114805455191,-0.005084896275065733,-0.00519858045581903,-0.004514291900710755,-0.004088412986411365,-0.01122283214592867,-0.0010231364958670822,-0.0021089619032788774,-0.0040413522575923734
61,-0.004861833921934916,-0.0046900149858467004,-0.004133120870169831,-0.004356616571899191,-0.004929583214271135,-0.003266354758305071,-0.0027489631893633003,-0.0034146803472770325,-0.003810033529884785,-0.004481393783070022,-0.004630682809392554,-0.0052271386100677655,-0.0055266885797447905,-0.006245174846324659,-0.005778556069846754,-0.005941354830697906,-0.005279200738171752,-0.004361516477402059,-0.0123422394338729,-0.0017646342947547767,-0.0028162183695030914,-0.004469954735065003
62,-0.005415023775617439,-0.005595055037071997,-0.005466486980497854,-0.005783016374068949,-0.005015519691352634,-0.005183736294030581,-0.0036178319142994037,-0.003763961679309949,-0.003990263200244307,-0.004776767250951829,-0.005596034103269821,-0.005859448939788869,-0.006365128989451429,-0.0066062841077760516,-0.006084196306767367,-0.0063917716337901715,-0.005557847287377532,-0.005227891813602499,-0.013392080332160172,-0.002673698411725026,-0.003045460793277994,-0.004808850229731733
63,-0.005779559051351298,-0.006237662959289662,-0.006108810313019115,-0.006308008367066901,-0.005511666935159712,-0.005280156250498655,-0.005148066712082699,-0.004430706881610381,-0.0042714956967820706,-0.005427329006058354,-0.006250826784752686,-0.0069566604784613946,-0.007097039891231376,-0.00708355969034361,-0.006678224144111848,-0.006529715443005335,-0.006189712426864256,-0.005837538210292701,-0.013929421691054945,-0.0035659711091972444,-0.004170099733143131,-0.00556043768964893
64,-0.006030285944883129,-0.006497139580098751,-0.006963906228094649,-0.007235448614758959,-0.0068527612458482955,-0.006429219607861639,-0.005330642612736755,-0.006429833898720997,-0.0052214364309809535,-0.0057982133336800905,-0.007062305885723934,-0.007520475243477571,-0.00766576710773194,-0.008233001323871158,-0.007451830257850425,-0.007535141673351256,-0.006907888511275675,-0.006181464698260819,-0.01390887037648852,-0.004270466346925173,-0.004622637487290331,-0.006405451363890642
65,-0.006224072793718208,-0.006737768358979084,-0.006960586243550124,-0.007606805588947348,-0.007268010203764966,-0.006953705618044913,-0.00629512203229396,-0.006721995181064875,-0.0071623100953194675,-0.006536711391534083,-0.0079482481025307,-0.008335104704116665,-0.008135643738738128,-0.00860176398592763,-0.008241191635634488,-0.008127922183255792,-0.007544055522885008,-0.006860652524284532,-0.013892887799391329,-0.005321932180403757,-0.005252905800072571,-0.007130999339337702
66,-0.009129688854158125,-0.007336144176042613,-0.007319774116119157,-0.008350570858634334,-0.008596137864980211,-0.008219961737086267,-0.007250326995786801,-0.007379950364935599,-0.0072480946149125,-0.0077955344596911365,-0.008896671588934046,-0.009261773988983433,-0.009153442933882419,-0.009316969560377268,-0.008737293003107115,-0.008225912201095826,-0.007945593668997279,-0.00744110023515537,-0.014336937213535385,-0.006367575709615626,-0.006253547814814467,-0.00791438244771701
67,-0.010323623986912127,-0.010427603127956394,-0.008391595263535829,-0.009222295878585758,-0.009328744972842987,-0.009257430736204424,-0.008823923407273157,-0.008801714877587645,-0.009094133184840222,-0.008444249634458688,-0.010113193228056743,-0.010540306056522623,-0.009872662744570966,-0.010364236370144182,-0.010047098791645755,-0.00978607191624943,-0.009202766654532218,-0.008690527077476553,-0.015690249867337285,-0.00832957876527553,-0.0073476001180888826,-0.008865427802467735
68,-0.011151433041402557,-0.011723351700551016,-0.011293440883666244,-0.009955083797825027,-0.010034691826346335,-0.010340209488459085,-0.009580541219558014,-0.010368469422475777,-0.010196187372103503,-0.009754130484775265,-0.011026640429255483,-0.011814877436048383,-0.011454796462818552,-0.011571802970230496,-0.01105702861897103,-0.010539041249475974,-0.010422820788677026,-0.009514571667915877,-0.010111817183761048,-0.006929316576009329,-0.007813398323456741,-0.009562686571293404
69,-0.012892460702455448,-0.013027323616529874,-0.012897416671473157,-0.012747621638117478,-0.010555552899669661,-0.01087628044904479,-0.010809888576340737,-0.011355640175481779,-0.011505370297475117,-0.011055087788003393,-0.012273921881925035,-0.012658987881395791,-0.012215903187148883,-0.012847922440660419,-0.012022734689437615,-0.012102327226351297,-0.01142688231071323,-0.01045423263196741,-0.010263281282457608,-0.014334754122245332,-0.009935430763988158,-0.011032248764065906
70,-0.015044945057738091,-0.015039915096984342,-0.013833871252947817,-0.014502374591385248,-0.01379252414951701,-0.011930818005098943,-0.011709267026974961,-0.012421353051825906,-0.012685497205002146,-0.012146400452503398,-0.013546401788587032,-0.014352086417177468,-0.013513878753479824,-0.014092112414313013,-0.013290982806250436,-0.01339254993820517,-0.012670964452412012,-0.011635854150292177,-0.011458867302918426,-0.015784684253844227,-0.011279221827209803,-0.012414660384836592
71,-0.017362387564375404,-0.01779846753577413,-0.01598281432388155,-0.015676896728547537,-0.014933190155656315,-0.015084150994821478,-0.012774142020032436,-0.013408949350568262,-0.013961326841035225,-0.013508562443912098,-0.014959581816177474,-0.015304714353814888,-0.014724015011271893,-0.014955889202443902,-0.014716761032236037,-0.014786151614796116,-0.014262059768408924,-0.012733315936216677,-0.013212032154896707,-0.016742264677521317,-0.01301122602854488,-0.013601602413994579
72,-0.019210930929352398,-0.020152391412537968,-0.01835744561600168,-0.018150045194335645,-0.01687995737023373,-0.01694688549148643,-0.016031201086157545,-0.015151865378392122,-0.014986586318353435,-0.014967399317860813,-0.0162000908191466,-0.016840410303351212,-0.015975743368919916,-0.017165625783220038,-0.016036505867014342,-0.016535637710350205,-0.016072843328407437,-0.014244816689615549,-0.014568340569740088,-0.01812198800237675,-0.014568198248379335,-0.015085621512173441
73,-0.02138049000810815,-0.021801354273263067,-0.02117460378620831,-0.021041681907151104,-0.019839272782109934,-0.01826767890168806,-0.018046900511592467,-0.018788362429602964,-0.016253388567472098,-0.016447878747040214,-0.018122523752001747,-0.018180178638022633,-0.01765044674029939,-0.019009148972898324,-0.018136777846589403,-0.01835254626562431,-0.017388064905654838,-0.01622261372105042,-0.016566725573770022,-0.019665502924414165,-0.01594216689762637,-0.016274853502265492
74,-0.02344025346056089,-0.02510426127411911,-0.023066281315490295,-0.023386183364139158,-0.021973295228791285,-0.021346443183790156,-0.02050204702964621,-0.02061462838417132,-0.02046300161045596,-0.018655546390909276,-0.020275922063727515,-0.019940834885504546,-0.019192420791763247,-0.020487437046875865,-0.019921237119207163,-0.02015378146212531,-0.01949294233465374,-0.01810477010453105,-0.01855665315587908,-0.02136088999572286,-0.01835784550205424,-0.01875394736444486
75,-0.024776854416743613,-0.02752598403244686,-0.02578113414175061,-0.026143389930317007,-0.02494837918898072,-0.0247423641005572,-0.023619974517263,-0.02308858698784072,-0.022687923884305558,-0.021362316296149993,-0.02240865226821615,-0.022237219778343347,-0.020977401581090793,-0.022588324921436052,-0.02177935666587801,-0.022444776800061763,-0.021671826625386997,-0.020049338663671104,-0.021563685817268828,-0.02373678825122876,-0.0207412246943634,-0.02103073485812029
76,-0.02891251331643061,-0.02943230235127032,-0.02844845190782136,-0.02891262007080323,-0.027901602938450547,-0.028072680809485336,-0.02670001700638026,-0.026512967220603763,-0.025601179777869947,-0.024425198959151396,-0.025519366575534972,-0.024616969686203805,-0.023878943718076445,-0.024987969299283052,-0.023746890365491664,-0.024921168101915612,-0.02380497588462824,-0.02202104052549708,-0.024125136031677354,-0.027017464736162733,-0.02328096340870503,-0.02315311980673238
77,-0.03304132148583645,-0.033605690466809064,-0.02950985592605464,-0.032052370327253915,-0.031180226330460158,-0.030798110940586453,-0.031307878202029966,-0.030644337992775248,-0.028498620072890925,-0.02784593643052137,-0.028288272914780907,-0.027737133893419908,-0.026873701253171175,-0.028368468044792497,-0.026479972293653807,-0.027576330164137297,-0.026761319462441226,-0.024757998513654622,-0.027658002653479678,-0.02913610862125554,-0.027220235359932867,-0.025397445678805586
78,-0.03521742096934295,-0.038289970851775885,-0.03516271284642869,-0.03433790069086256,-0.03430390979798507,-0.03405064761572864,-0.034015437599206916,-0.035008062971005234,-0.03347436258356945,-0.031225192373554107,-0.03235072041847323,-0.03104545532634569,-0.02981441924406759,-0.03187537313013843,-0.029496611046323007,-0.030649457782666232,-0.029059653624118026,-0.027478160311775458,-0.03117415780193153,-0.03265445354958252,-0.030042129361456477,-0.02840706037963712
79,-0.04311665121390062,-0.04156971173588108,-0.03909379097293317,-0.03926435493161988,-0.03674515637943972,-0.038558171313914064,-0.03887592046574654,-0.038723085349769336,-0.037868525278429835,-0.03623882335931001,-0.03643708977366541,-0.035423252970372694,-0.034181551693908546,-0.03639860374435592,-0.033332753397938134,-0.03441540254600978,-0.033178733272344316,-0.03134403032929554,-0.034522682646347856,-0.036524242961287326,-0.03415147265077139,-0.03263986694576532
80,-0.04628762769524819,-0.050370710630387505,-0.045557761243055654,-0.046004350436796,-0.04229509335247068,-0.04215877418512398,-0.04405808443697812,-0.043134074242891424,-0.043475488340711244,-0.04096473597661246,-0.04158685362305921,-0.04076066786417918,-0.038729854262660804,-0.04074963998841436,-0.03772076213703867,-0.03883765018317949,-0.03731503885891584,-0.03527823927881142,-0.04016411927746779,-0.03980642704349517,-0.038222984633508664,-0.03688583252948315
81,-0.053008864288984145,-0.05614766011045441,-0.05397717968291399,-0.051762405670023395,-0.04916571355798125,-0.04914006695754118,-0.04926525201432829,-0.04944338841419806,-0.04880059217331811,-0.04834828312197178,-0.04671319831087442,-0.04527883267317299,-0.04411546871303721,-0.04584929314136739,-0.042925126094019786,-0.044364881693648814,-0.042593652147679635,-0.03996275482136505,-0.044529010576257785,-0.04429096559041989,-0.04270768945155513,-0.04097981953407213
82,-0.06415905815849066,-0.0615874358664484,-0.0550601469026979,-0.061978364962104064,-0.06037661415459064,-0.056398394799066554,-0.0558538358678686,-0.05446337628432701,-0.05585378228211506,-0.05193271699799192,-0.053496008081008954,-0.051715584272067,-0.04908481310132282,-0.05321272368564087,-0.048968550742757126,-0.05113120060786897,-0.04853751930052378,-0.04583810519315982,-0.05124820044100585,-0.050187204819181236,-0.04917077232669489,-0.04568403747281106
83,-0.06829849819125224,-0.07583166618609227,-0.061777609970116575,-0.0653954459040295,-0.06537792174977075,-0.06929155015912201,-0.07176081366591873,-0.06914201860552781,-0.06677787597199199,-0.05998893802410043,-0.060383377481557435,-0.057639323283497995,-0.05591948665053358,-0.05964726402222966,-0.055802829838378705,-0.057754683022087944,-0.054811359852768665,-0.052515836253023175,-0.05932539230646594,-0.05728389686721686,-0.05540695933024877,-0.05192833789284046
84,-0.07725139808446359,-0.07868792987650931,-0.07601007420559486,-0.0745428227381346,-0.07225009176556955,-0.07242383832369889,-0.07446235831551469,-0.07465306878633625,-0.07189716414629349,-0.0765741534564975,-0.06853559098945348,-0.06538267576795571,-0.06370850054724553,-0.06857618598641135,-0.06303478991060704,-0.0656362465039624,-0.06208366099287182,-0.05969420869315339,-0.06864257101701558,-0.06451956554372407,-0.06379154215340034,-0.05960822922625937
85,-0.0876673902153949,-0.08980021176995095,-0.07951280250303301,-0.08594244974970584,-0.07951890891562366,-0.07927464556544675,-0.07771180806853573,-0.07895190036294869,-0.077545468701834,-0.07717696191485383,-0.0783577221465392,-0.07412319437167876,-0.07210315108520343,-0.07669161538919465,-0.07169080327536036,-0.0738751258526071,-0.07187517306307803,-0.06891133132829912,-0.07830295302402411,-0.07447767801028522,-0.07263946331792512,-0.06933515821851227
86,-0.09669282675234533,-0.1025190521160477,-0.09277443154422513,-0.09412159154628329,-0.09254914804969266,-0.09090376425006134,-0.08911536368063712,-0.0870791005187676,-0.08442138016432711,-0.08595564068819635,-0.08798468069585305,-0.08440735436933156,-0.08160612547127716,-0.08730564761883577,-0.081417635749789,-0.08560762765663395,-0.080594830146962,-0.07872117619330336,-0.08900327371701955,-0.08464077975161138,-0.08469882434914056,-0.0786502115498398
87,-0.11040592153350423,-0.11632080544739519,-0.10028957135282841,-0.1068256017007061,-0.10102930947564563,-0.10451456942246919,-0.1034054929384562,-0.10208751031961316,-0.09396938993796308,-0.09722227573797147,-0.10040480031358832,-0.0954063211686941,-0.09216359550561798,-0.09938456771867563,-0.09092903100019498,-0.09614114569208927,-0.09189507007397713,-0.08934180242414956,-0.10158129774576825,-0.09636276094727007,-0.09735107402815987,-0.08752717584140275
88,-0.12615557221932833,-0.13729495154057572,-0.11474027640309395,-0.11763372620126926,-0.11353847897540519,-0.11416503992901508,-0.12037774757463561,-0.12059700956077923,-0.11743767567709565,-0.10981562171327997,-0.11323235039287742,-0.10797018564838673,-0.10452306974345119,-0.11165502273339353,-0.10402658326817826,-0.1096178961115558,-0.1025905309194108,-0.1019551897576589,-0.11492432499652531,-0.1102768636299738,-0.11137419017911332,-0.09858614092926553
89,-0.15362559226471742,-0.16266425604947005,-0.13648832639154376,-0.13405938134084228,-0.12464423323914718,-0.1269618027808854,-0.129142893775242,-0.11933825292378186,-0.12139945027435192,-0.13665113925557723,-0.1272593121274667,-0.1203174710132023,-0.1183051754991616,-0.12804688500009143,-0.11783325902808739,-0.12484837907413063,-0.11918618405488526,-0.11633239851005164,-0.13151366785741925,-0.12361510010951092,-0.12795997326149047,-0.11248724353043485
90,-0.15488860827996753,-0.1665995700754267,-0.14569805829799884,-0.15391426596347876,-0.14028577440272386,-0.13991595652275982,-0.1431552740453264,-0.14422687621922042,-0.13344667154706663,-0.13954597260019072,-0.1421224710256101,-0.13599115899986186,-0.13256077343532,-0.14454583712890012,-0.13210267487338653,-0.13895486935866982,-0.13312160976388002,-0.13065984295034574,-0.14764022237949623,-0.1382119540747411,-0.14402184163868875,-0.12921254355400696
91,-0.17187024353120245,-0.18126595337833631,-0.16155963469986692,-0.1650793941502903,-0.15674142346990297,-0.15779285793747913,-0.16035701613123346,-0.158711846059622,-0.15425474720973742,-0.14952174823710115,-0.15910227472393798,-0.15051005030174347,-0.14805198127446215,-0.16166795970758352,-0.14764143599962637,-0.15688560537872792,-0.1473514306676449,-0.14747375988497483,-0.16590270756094821,-0.15663839742652436,-0.1631210305474375,-0.14626864027235317
92,-0.18832592730099432,-0.1989592547069027,-0.17655557486747198,-0.18592921123575964,-0.17186728818206745,-0.17467367756403976,-0.17322273003460756,-0.1758500747675704,-0.17204483120576983,-0.16544192432872254,-0.17746728619042146,-0.16733772130739125,-0.16584665846658467,-0.17832960499647185,-0.1649010608682567,-0.17461059645226337,-0.16542953356738554,-0.16450058511736765,-0.18921562674977907,-0.17399620166210955,-0.181631856938519,-0.15962386359202466
93,-0.2046934237678563,-0.21812776054546235,-0.19336612507707973,-0.20131129374826853,-0.18812092725136204,-0.18712668035229454,-0.19241017253205298,-0.19309176891615543,-0.1834730302731486,-0.18176427286111566,-0.1945828191886416,-0.18722304283604135,-0.18248414713007557,-0.19687316861069626,-0.18178662135248222,-0.19179587901939762,-0.18280873813907378,-0.1819867617894764,-0.20672637242220263,-0.19341015933768774,-0.20325315939665717,-0.17501740262098606
94,-0.22506139385214666,-0.23943520325039724,-0.21005868480228157,-0.22409287276218243,-0.21054457162677767,-0.20925986842105262,-0.20892531282586027,-0.2000816659861168,-0.20124341662376746,-0.19663301289792764,-0.21569411470698488,-0.20871950066200112,-0.20010560310424008,-0.21614601780359377,-0.19865593296141987,-0.21121036176864671,-0.20298757036954462,-0.2044127682159375,-0.23162578844075019,-0.21579319083525478,-0.23051371982669694,-0.191483918502676
95,-0.24596011289972394,-0.26365250648818467,-0.23333245180229023,-0.2476798815061677,-0.2313032719274127,-0.23206962925767846,-0.23164922936123303,-0.2154758717278026,-0.20906584992343033,-0.21352436666501412,-0.2330356874417486,-0.22798241141983175,-0.21862077208079359,-0.2425507744738337,-0.2235141729674368,-0.23295195852365355,-0.22310458071456882,-0.22164876356719257,-0.2531075138527726,-0.23435728627429556,-0.2523409045758559,-0.21409228624286136
96,-0.2614818302444035,-0.28040804574061123,-0.25595458930028936,-0.2714039323904795,-0.2510536192204756,-0.25321172017049687,-0.2564843068875327,-0.23968597726042232,-0.2181880234176052,-0.22366790582403964,-0.25863590519415025,-0.2404939239513916,-0.23591563828470016,-0.2575484107803848,-0.23746985265803286,-0.24919501881522288,-0.23723815723968905,-0.24481169032305086,-0.27594386242340385,-0.25625227852716004,-0.27514048702167515,-0.2325692623822008
97,-0.2806707317073171,-0.30566825084038485,-0.2707213901909226,-0.29837945649463976,-0.2729855127355364,-0.2787726936663107,-0.27440728027460687,-0.2596921949432026,-0.2414370148828598,-0.23451981195433177,-0.2804269752593775,-0.2705552248958422,-0.2524903225806452,-0.28450278182898503,-0.2599917593737124,-0.27421326812672764,-0.2548634613894128,-0.2644341801385681,-0.299925205684368,-0.27602809420991237,-0.3034655163962551,-0.25164894664304
98,-0.30397960112922323,-0.33025345426803426,-0.2900667779632721,-0.31611537858598526,-0.2972780896880108,-0.2920682469393071,-0.29671393587334133,-0.28615435392485833,-0.2704053853388111,-0.2599859187984041,-0.29263905948412,-0.29007809972734416,-0.2781209931227416,-0.29973071877373475,-0.2747244451155066,-0.29315144766146994,-0.28040429193979566,-0.2871506830316899,-0.3135963415466521,-0.29252826027019574,-0.32000959857392614,-0.2708655876143561
99,-0.31237203860778007,-0.3496009420384666,-0.31514998101506136,-0.33192239858906525,-0.3186246418338109,-0.32817556634304207,-0.31294269156471344,-0.3078791805004454,-0.2905139862834245,-0.26791044776119405,-0.3210072307497146,-0.3083410852713178,-0.30165343054289806,-0.33327950912320364,-0.29550384539538554,-0.30373685854064747,-0.2922410397794407,-0.31699745547073793,-0.33681906614785995,-0.3167603042808134,-0.34708690568978956,-0.28967533776971166
