age,2002,2003,2004,2005,2006,2007,2008,2009,2010,2011,2012,2013,2014,2015,2016,2017,2018,2019,2020,2021,2022,2023,2024,2025,2026,2027,2028,2029,2030,2031,2032,2033,2034,2035,2036,2037,2038,2039,2040,2041,2042,2043,2044,2045,2046,2047,2048,2049,2050,2051,2052,2053,2054,2055,2056,2057,2058,2059,2060,2061,2062,2063,2064,2065,2066,2067,2068,2069,2070,2071,2072,2073,2074,2075,2076,2077,2078,2079,2080,2081,2082,2083,2084,2085,2086,2087,2088,2089,2090,2091,2092,2093,2094,2095,2096,2097,2098,2099,2100
0,523007,535656,542323,558500,551127,556884,560700,570791,562322,553218,537347,534047,512140,499940,482977,469956,455066,431007,414974,404956,400626,393920,382068,363388,361926,361175,360837,360652,360300,360043,359776,359246,358883,358195,356907,355569,353709,351634,349061,346732,344242,341428,338005,334394,330550,326631,322457,318406,314385,310176,305666,301228,296643,292004,287263,282570,277962,273559,269230,265238,261280,257490,253816,250302,247057,244063,241301,238567,235929,233453,231262,229009,226677,224259,221750,219157,216481,213724,210898,208001,205041,202034,198984,195906,192810,189710,186603,183492,180388,177308,174255,171233,168240,165281,162351,159447,156573,153732,150921
1,529233,526577,538020,545596,559067,552870,560028,563021,569963,561694,551720,539163,533916,511448,499707,482975,470412,455746,436785,423269,407634,404252,396272,383526,364827,363345,362575,362217,362013,361641,361365,361079,360529,360147,359439,358131,356775,354895,352800,350208,347859,345350,342516,339074,335444,331580,327642,323449,319378,315337,311109,306579,302122,297518,292860,288099,283387,278759,274336,269988,265976,261999,258190,254497,250963,247699,244686,241904,239151,236492,233998,231787,229514,227163,224725,222197,219584,216889,214113,211267,208350,205372,202345,199276,196179,193063,189944,186816,183686,180562,177463,174391,171350,168338,165359,162409,159486,156592,153732
2,528131,533126,531043,540860,548487,560347,556146,562640,564317,569064,560943,554476,540449,532895,510117,499100,482810,470813,457314,443571,425183,411247,406841,397811,385044,366325,364822,364032,363654,363429,363036,362739,362433,361863,361460,360732,359403,358026,356126,354011,351398,349029,346499,343645,340182,336532,332647,328688,324475,320383,316322,312073,307523,303046,298421,293742,288960,284228,279580,275136,270768,266736,262738,258908,255194,251640,248356,245322,242520,239746,237067,234552,232320,230027,227656,225197,222649,220015,217299,214503,211637,208699,205700,202653,199563,196445,193309,190169,187022,183871,180727,177607,174515,171452,168420,165420,162450,159507,156592
3,518790,530847,537507,535545,543768,550808,563000,559193,564536,565219,568135,563518,556034,539900,531804,508569,498644,482946,471696,464239,444638,428451,413942,408454,399402,386614,367873,366349,365537,365138,364891,364477,364159,363831,363240,362815,362065,360715,359317,357395,355258,352624,350233,347682,344806,341322,337650,333744,329763,325529,321416,317333,313063,308491,303992,299346,294645,289842,285089,280419,275954,271564,267510,263490,259639,255904,252328,249022,245967,243143,240348,237648,235111,232858,230543,228151,225670,223100,220446,217708,214890,212002,209043,206023,202954,199843,196703,193546,190385,187215,184043,180877,177736,174622,171538,168484,165463,162472,159507
4,515957,522484,534064,542329,540131,545782,554754,565127,560899,565563,565624,570533,565065,555647,539174,530684,507352,498240,483769,480475,464753,447374,431424,415650,410139,401064,388254,369490,367943,367108,366686,366417,365980,365639,365288,364674,364227,363455,362082,360660,358716,356556,353900,351486,348911,346013,342506,338811,334882,330879,326622,322486,318381,314087,309493,304971,300302,295579,290753,285977,281284,276796,272384,268307,264265,260391,256633,253034,249705,246627,243781,240963,238240,235680,233405,231067,228652,226149,223556,220878,218118,215277,212367,209385,206341,203250,200116,196954,193774,190589,187397,184202,181014,177850,174713,171607,168530,165486,162472
5,521883,519874,526759,537687,547286,543899,549926,557963,566411,562064,566438,568059,571660,564915,555014,538315,529716,507118,499144,493318,478684,467140,450186,433340,417540,412004,402904,390067,371278,369706,368846,368398,368103,367641,367274,366898,366258,365785,364987,363589,362142,360172,357987,355305,352865,350265,347342,343809,340089,336134,332106,327822,323661,319530,315211,310592,306044,301350,296601,291749,286947,282229,277716,273278,269175,265108,261208,257425,253800,250446,247343,244471,241627,238878,236293,233992,231629,229188,226660,224041,221338,218552,215686,212750,209743,206674,203557,200397,197209,194004,190794,187576,184355,181142,177952,174790,171658,168555,165486
6,521774,525434,524440,531761,541502,551380,549632,553286,560048,566952,563169,568569,569197,571217,564416,554223,537576,529609,507291,501031,490819,481317,469845,452214,435340,419514,413951,404824,391960,373144,371545,370657,370182,369861,369371,368978,368574,367908,367408,366583,365157,363683,361686,359474,356765,354299,351671,348721,345161,341414,337432,333376,329066,324878,320720,316374,311727,307153,302431,297656,292777,287948,283203,278662,274197,270068,265973,262047,258236,254584,251203,248073,245174,242303,239527,236915,234587,232197,229729,227173,224528,221798,218985,216091,213129,210094,206998,203854,200667,197453,194220,190983,187738,184491,181250,178033,174844,171685,168555
7,524929,525094,529430,529267,536730,544564,557571,554779,555487,561735,567808,564994,569486,568782,570307,563484,553502,537809,529473,510437,505591,493151,483931,471931,454272,437371,421516,415925,406771,393879,375036,373408,372493,371990,371641,371124,370702,370271,369576,369049,368196,366743,365241,363216,360976,358239,355745,353090,350112,346524,342749,338739,334656,330318,326102,321916,317542,312868,308265,303516,298713,293806,288949,284176,279608,275115,270958,266835,262881,259043,255363,251954,248796,245869,242970,240167,237527,235171,232753,230257,227674,225001,222243,219402,216481,213490,210428,207304,204133,200918,197675,194415,191150,187877,184602,181333,178089,174872,171685
8,539637,528714,528612,533557,534646,540875,549836,562743,558705,557192,563165,569721,565785,569129,568376,569449,562718,553691,537902,532059,512964,507730,495763,486161,474131,456442,439512,423627,418007,408822,395901,377028,375371,374426,373893,373514,372967,372516,372055,371331,370773,369891,368408,366876,364822,362552,359785,357261,354577,351569,347951,344146,340107,335994,331626,327380,323165,318761,314057,309425,304646,299813,294876,289990,285187,280589,276067,271880,267727,263743,259875,256166,252727,249539,246583,243654,240821,238152,235766,233318,230793,228179,225476,222689,219818,216867,213847,210755,207601,204400,201156,197883,194593,191299,187996,184691,181393,178119,174872
9,562660,543267,532760,532755,538376,538956,546981,554495,567192,562052,558982,565189,570842,565607,568836,567734,568873,563046,554146,541495,535259,515109,510343,498230,488595,476532,458811,441847,425930,420276,411059,398105,379199,377509,376531,375966,375553,374974,374489,373996,373239,372648,371733,370217,368652,366565,364262,361463,358906,356188,353147,349497,345659,341587,337441,333040,328762,324513,320077,315340,310675,305863,300997,296028,291108,286272,281642,277086,272866,268681,264664,260763,257021,253550,250329,247339,244378,241512,238809,236391,233910,231352,228706,225970,223149,220246,217262,214209,211084,207897,204663,201386,198081,194757,191430,188095,184757,181426,178119
10,566374,565920,547054,537956,537418,542326,545130,552693,558196,571096,564793,561023,565982,570929,565198,568351,567324,569271,562764,557192,544309,537368,517693,512878,500731,491062,478966,461210,444213,428262,422575,413324,400336,381396,379672,378660,378061,377615,377002,376484,375956,375165,374541,373592,372042,370444,368323,365986,363153,360562,357811,354736,351052,347180,343075,338895,334460,330148,325865,321395,316624,311926,307080,302180,297177,292224,287354,282690,278100,273847,269627,265577,261642,257866,254361,251106,248083,245088,242188,239452,236999,234485,231893,229213,226443,223589,220652,217634,214547,211388,208168,204900,201589,198250,194893,191532,188163,184791,181426
11,571769,568684,569499,551622,542931,541177,547924,551007,557461,561199,574185,566859,561945,566055,570683,564759,568083,567812,569337,566257,560013,546219,539820,520186,515337,503157,493455,481326,463537,446507,430523,424802,415517,402496,383523,381766,380721,380089,379610,378963,378411,377851,377027,376369,375387,373804,372172,370018,367648,364781,362158,359373,356265,352548,348643,344504,340291,335823,331477,327162,322658,317854,313122,308243,303310,298274,293287,288385,283687,279064,274777,270525,266441,262473,258664,255125,251837,248781,245753,242819,240050,237564,235016,232391,229678,226875,223988,221017,217966,214846,211654,208400,205099,201755,198383,194992,191598,188196,184791
12,562281,573863,571180,573595,556540,547135,546663,553371,555780,561491,563954,576443,567704,562246,566021,570232,564478,568576,568025,573063,568876,561956,548709,542291,522624,517742,505529,495795,483632,465810,448747,432730,426976,417659,404605,385599,383809,382731,382066,381553,380874,380289,379696,378839,378148,377133,375517,373853,371665,369262,366363,363706,360889,357748,353997,350060,345888,341642,337141,332762,328414,323877,319040,314275,309363,304397,299328,294309,289373,284642,279987,275667,271382,267265,263264,259422,255850,252529,249440,246378,243412,240610,238091,235511,232852,230106,227271,224350,221347,218263,215109,211885,208598,205264,201887,198482,195058,191631,188196
13,565951,564359,576103,574651,578284,560460,553021,551938,557633,559950,564733,566121,577668,567956,562296,565648,570184,565035,569063,572003,575758,570894,564423,551189,544737,525037,520123,507877,498109,485913,468059,450962,434912,429126,419775,406688,387649,385826,384715,384017,383471,382758,382141,381514,380624,379901,378852,377203,375506,373285,370850,367917,365227,362377,359203,355419,351448,347243,342964,338430,334019,329637,325068,320198,315400,310455,305455,300353,295301,290332,285568,280880,276527,272208,268058,264024,260149,256545,253190,250068,246974,243975,241139,238587,235974,233282,230503,227634,224681,221644,218527,215341,212083,208763,205396,201986,198548,195091,191631
14,544761,568358,566610,578992,578169,582015,566019,558684,556355,561392,563250,566488,567354,578507,568077,562006,565934,571168,565871,573180,574688,577971,573577,566914,553646,547162,527429,522481,510202,500401,488172,470284,453155,437071,431251,421868,408748,389675,387819,386674,385943,385364,384618,383968,383308,382385,381628,380546,378864,377133,374880,372411,369445,366722,363838,360631,356814,352810,348572,344259,339692,335247,330833,326230,321327,316496,311517,306485,301350,296264,291262,286465,281743,277357,273005,268822,264755,260847,257209,253822,250666,247538,244506,241637,239052,236405,233681,230869,227966,224980,221910,218760,215540,212249,208896,205496,202052,198581,195091
15,559012,547025,570882,569709,582731,581012,587212,571616,563539,560238,564605,565211,567577,568252,579057,567907,562182,566861,572210,570115,575894,576880,580898,576112,569415,556114,549596,529829,524847,512534,502699,490437,472515,455352,439234,433381,423963,410809,391703,389813,388635,387870,387257,386477,385793,385099,384142,383352,382236,380520,378756,376468,373965,370966,368209,365291,362050,358200,354162,349890,345544,340943,336464,332016,327380,322442,317577,312565,307499,302330,297210,292174,287344,282588,278168,273783,269566,265465,261523,257851,254430,251241,248079,245013,242111,239492,236811,234053,231207,228271,225250,222147,218962,215709,212384,208998,205564,202086,198581
16,578356,559983,549909,574567,573866,585817,585422,592699,576646,567923,563391,566829,566463,568447,569082,579513,568641,563617,568006,574780,572808,578392,580241,583611,578788,572055,558718,552164,532361,527343,514994,505123,492824,474866,457667,441513,435623,426170,412980,393837,391911,390697,389895,389247,388431,387710,386980,385987,385160,384009,382257,380456,378132,375593,372557,369764,366811,363533,359647,355573,351265,346882,342245,337730,333246,328573,323600,318699,313650,308548,303343,298187,293115,288248,283456,279000,274579,270326,266188,262210,258502,255045,251819,248622,245519,242581,239926,237209,234414,231532,228560,225503,222364,219143,215854,212493,209070,205600,202086
17,586101,579525,561513,554212,579441,577712,590672,590575,597942,581230,571802,566265,568311,567946,569765,570420,581989,570790,565389,569673,580417,576342,582548,583468,586794,581929,575153,561773,555176,535330,530269,517877,507963,495621,477620,460377,444181,438248,428751,415518,396333,394363,393106,392262,391570,390711,389948,389175,388138,387269,386074,384279,382435,380068,377486,374407,371572,368575,365255,361325,357208,352857,348431,343751,339193,334666,329950,324934,319989,314898,309753,304504,299306,294191,289281,284446,279947,275482,271186,267006,262984,259234,255733,252465,249224,246079,243097,240399,237639,234802,231876,228861,225761,222579,219315,215983,212579,209113,205600
18,601777,588055,582069,566152,560832,585235,584895,598015,597142,604124,586324,575809,568901,570728,570722,575369,579330,586873,574707,566163,569708,586339,581658,587783,588633,591890,586955,580109,566659,559992,540076,534946,522484,512500,500088,482017,464705,448439,442436,432870,419567,400311,398272,396945,396031,395270,394341,393507,392665,391559,390619,389355,387490,385576,383140,380488,377339,374433,371367,367977,363977,359790,355369,350874,346124,341497,336899,332114,327028,322014,316853,311637,306319,301051,295866,290886,285981,281412,276878,272512,268262,264171,260351,256780,253442,250131,246916,243865,241097,238267,235360,232365,229280,226110,222858,219525,216123,212649,209113
19,626198,602618,591807,585495,569759,566346,594830,594316,605884,603863,610128,591398,579167,572067,574614,577538,587285,585535,590744,576282,567290,577155,592297,587639,593684,594454,597632,592617,585691,572162,565415,545419,540209,527667,517603,505112,486962,469569,453224,447141,437495,424112,404777,402658,401251,400257,399416,398408,397495,396572,395386,394367,393023,391078,389085,386569,383837,380609,377623,374477,371007,366928,362661,358161,353586,348756,344049,339371,334506,329340,324247,319006,313711,308313,302965,297700,292641,287656,283007,278393,273948,269618,265447,261547,257897,254479,251088,247794,244662,241815,238905,235918,232843,229679,226429,223097,219684,216202,212649
20,635651,626170,607321,595956,587868,572335,578058,605312,602480,612576,609674,615775,594700,581875,575189,580173,585466,592118,587458,592909,575636,573782,583884,597739,593008,598981,599679,602783,597696,590698,577096,570276,550208,544925,532311,522175,509611,491388,473923,457505,451349,441631,428176,408768,406577,405097,404031,403117,402036,401050,400055,398797,397705,396288,394271,392205,389616,386812,383511,380453,377234,373692,369540,365201,360628,355980,351078,346298,341548,336611,331372,326206,320892,315525,310054,304633,299296,294164,289107,284386,279699,275181,270779,266535,262563,258840,255349,251887,248519,245315,242395,239413,236354,233206,229969,226647,223242,219757,216202
21,650257,635305,632583,612255,599074,590835,584140,590437,614206,610542,618718,615920,619721,596841,584654,580454,587622,590127,593017,588045,588503,581848,581294,589648,603426,598618,604514,605135,608163,602999,595924,582245,575349,555203,549844,537153,526940,514299,495999,478457,461962,455730,445935,432403,412918,410650,409093,407950,406960,405802,404739,403667,402332,401163,399670,397576,395433,392767,389886,386508,383374,380078,376459,372230,367814,363164,358439,353460,348604,343777,338762,333447,328204,322814,317369,311822,306324,300910,295701,290568,285769,281006,276411,271932,267611,263562,259762,256195,252655,249211,245930,242933,239874,236738,233514,230200,226801,223319,219757
22,672028,650621,643386,639224,615714,603119,604671,596519,600267,623820,618115,625991,620480,622716,599431,588669,586266,591595,590999,593757,583508,595721,590338,587670,595938,609632,604739,610550,611086,614029,608780,601620,587856,580874,560644,555200,542424,532125,519400,501015,483388,466808,460491,450610,436993,417424,415071,413429,412201,411125,409882,408735,407578,406158,404904,403325,401146,398918,396168,393202,389739,386519,383138,379434,375121,370619,365884,361075,356011,351069,346157,341058,335657,330329,324854,319325,313692,308110,302610,297317,292098,287215,282366,277686,273122,268717,264582,260697,257045,253420,249891,246525,243444,240299,237078,233769,230370,226886,223319
23,708394,673909,661507,651548,643217,620124,618260,618142,606267,611599,632527,626323,631701,623610,625753,603268,594005,590504,592782,590841,588775,590811,604975,597509,594745,602918,616516,611528,617243,617683,620531,615186,607930,594071,586994,566668,561128,548256,537862,525041,506560,488838,472162,465750,455773,442061,422395,419947,418210,416886,415715,414376,413133,411881,410365,409015,407341,405066,402743,399897,396835,393277,389961,386485,382685,378276,373679,368848,363943,358784,353746,348739,343544,338048,332624,327053,321428,315700,310022,304427,299038,293723,288744,283800,279025,274365,269864,265634,261654,257905,254185,250560,247099,243922,240682,237365,233960,230465,226886
24,736842,711755,687440,671445,655410,647284,634739,632707,628144,616494,620643,641705,632953,635226,626406,629620,607703,597963,591632,591788,586919,596182,600986,612496,604929,602065,610138,623636,618547,624162,624502,627250,621804,614449,600489,593311,572885,567245,554273,543779,530857,512276,494454,477678,471165,461088,447275,427510,424961,423124,421699,420428,418989,417646,416293,414677,413227,411452,409078,406654,403707,400545,396887,393471,389894,385994,381485,376788,371857,366851,361591,356454,351346,346051,340454,334930,329259,323534,317706,311927,306232,300742,295328,290249,285204,280328,275568,270967,266636,262556,258708,254887,251162,247600,244323,240983,237565,234060,230465
25,779198,741177,727842,699874,676101,659365,662435,648469,642999,639200,625221,629785,648419,636172,638292,629535,634033,610365,598620,589181,588548,593948,606563,608758,620164,612494,609526,617496,630890,625698,631209,631445,634089,628540,621081,607017,599736,579206,573463,560387,549789,536764,518080,500153,483274,476657,466477,452560,432691,430038,428098,426570,425195,423652,422205,420749,419029,417476,415598,413119,410592,407542,404276,400514,396994,393314,389310,384697,379897,374862,369753,364389,359148,353937,348538,342838,337210,331435,325606,319675,313792,307994,302400,296882,291699,286551,281572,276708,272003,267569,263385,259433,255509,251680,248015,244634,241190,237669,234060
26,828619,784070,758879,742299,706101,680250,674244,675718,658216,654087,648230,634573,636582,651427,638904,642436,632522,636390,610326,594222,586447,595757,604837,614538,616626,627926,620150,617076,624939,638227,632928,638333,638463,641001,635346,627780,613610,606223,585586,579736,566554,555850,542718,523928,505895,488909,482186,471900,457877,437901,435142,433095,431461,429980,428331,426778,425215,423389,421729,419745,417160,414526,411370,407998,404129,400503,396717,392606,387887,382980,377839,372624,367154,361806,356489,350983,345177,339443,333562,327627,321589,315600,309695,303995,298371,293082,287827,282742,277771,272960,268420,264129,260071,256041,252105,248334,244846,241296,237669
27,865010,833458,802546,774121,749309,710814,695657,686628,684263,668204,662630,657302,641031,639283,653944,642007,645936,634599,636742,604340,592800,593962,606182,612738,622333,624316,635511,627630,624450,632208,645390,639986,645286,645311,647743,641982,634311,620036,612543,591802,585846,572559,561750,548512,529617,511479,494387,487559,477167,463039,442958,440094,437941,436202,434615,432861,431202,429534,427602,425837,423748,421057,418318,415057,411579,407605,403874,399982,395767,390942,385930,380683,375363,369788,364335,358912,353301,347389,341550,335564,329523,323379,317286,311275,305470,299740,294346,288986,283795,278719,273803,269157,264761,260598,256462,252421,248545,244952,241296
28,869634,871629,853201,819944,783404,756052,727577,709491,694690,693946,677576,671234,663290,643403,641855,657178,644515,647713,635013,630071,603690,600518,604263,614649,621092,630574,632445,643527,635532,632240,639885,652954,647437,652624,652536,654855,648982,641198,626809,619204,598350,592281,578881,567959,554609,535600,517349,500145,493204,482699,468458,448264,445287,443021,441169,439469,437602,435831,434050,432005,430127,427925,425122,422270,418895,415305,411218,407374,403369,399041,394103,388978,383619,378185,372497,366931,361395,355672,349647,343695,337596,331442,325186,318979,312856,306938,301095,295588,290115,284811,279623,274593,269834,265326,261049,256801,252647,248658,244952
29,883668,875739,891228,868826,828270,789630,772050,739773,716429,701935,701007,685561,676818,665331,645791,644695,659634,646532,647793,627765,629860,611485,610091,611975,622258,628598,637978,639745,650724,642627,639232,646774,659741,654121,659205,659014,661230,655254,647367,632876,625168,604211,598040,584536,573511,560059,540947,522593,505286,498242,487635,473291,452994,449914,447546,445591,443788,441818,439944,438060,435913,433932,431627,428721,425766,422288,418595,414406,410459,406351,401920,396880,391652,386189,380653,374862,369193,363555,357728,351601,345546,339344,333087,326728,320419,314193,308172,302226,296616,291041,285634,280342,275210,270349,265737,261358,257006,252750,248658
30,900924,890629,895245,908357,877287,834848,806212,785652,746600,723586,708916,708941,690730,678538,667346,648456,646636,661682,646752,640573,628267,637987,620619,617989,619767,629945,636180,645455,647117,657991,649788,646288,653725,666585,660861,665839,665543,667654,661573,653580,638984,631170,610108,603831,590223,579093,565534,546318,527859,510446,503297,492584,478135,457733,454548,452074,450013,448106,446030,444051,442062,439809,437723,435312,432301,429241,425658,421860,417565,413513,409300,404763,399618,394284,388717,383075,377179,371405,365661,359729,353496,347336,341029,334667,328202,321788,315456,309330,303279,297564,291883,286371,280974,275737,270770,266053,261568,257112,252750
31,893166,906049,906781,908177,914972,880861,848598,816391,791110,751830,727308,716312,714079,692273,680181,669475,650448,648958,661651,639502,641388,635933,646403,626967,624252,625946,636039,642189,651379,652957,663746,655459,651874,659226,672002,666193,671087,670706,672732,666566,658489,643808,635910,614763,608402,594709,583494,569851,550550,532006,514509,507275,496478,481944,461457,458187,455629,453484,451491,449331,447267,445193,442856,440685,438190,435094,431949,428282,424399,420019,415883,411585,406964,401734,396316,390663,384937,378956,373098,367269,361253,354935,348690,342298,335852,329303,322803,316387,310177,304041,298241,292475,286879,281397,276075,271024,266222,261653,257112
32,921367,896733,918756,916517,911436,917044,891104,855534,819346,794814,753237,734319,720876,715538,693458,681886,670717,652430,649095,655408,640417,648946,643835,651215,631714,628936,630565,640595,646681,655807,657320,668045,659693,656044,663332,676044,670171,675001,674556,676518,670288,662147,647401,639439,618228,611802,598045,586766,573059,553693,535086,517524,510226,499365,484767,464216,460882,458259,456050,453994,451769,449641,447503,445102,442867,440307,437147,433938,430207,426260,421816,417615,413253,408568,403273,397791,392075,386285,380240,374317,368424,362343,355962,349653,343196,336686,330073,323509,317029,310754,304554,298690,292860,287199,281654,276268,271152,266287,261653
33,907912,926071,909430,928570,920311,913405,927496,897100,858065,822683,795912,759793,738827,722073,716830,694656,683056,672536,652402,643652,656863,647487,656413,648556,655873,636309,633468,635035,645001,651024,660087,661537,672199,663785,660073,667298,679947,674011,678778,678270,680169,673876,665672,650863,642838,621564,615076,601255,589913,576143,556715,538044,520420,513059,502134,487473,466860,463463,460777,458505,456386,454099,451907,449706,447242,444944,442322,439099,435827,432032,428022,423515,419252,414827,410079,404721,399176,393397,387544,381436,375450,369494,363351,356906,350534,344015,337441,330765,324138,317595,311258,304995,299068,293175,287451,281843,276394,271215,266287
34,914821,913686,938166,918845,931974,922453,922752,933969,899375,861703,824202,801901,764214,739783,722978,718039,695415,684894,672541,647011,644714,663770,654308,661056,653137,660392,640767,637863,639368,649272,655234,664235,665623,676223,667747,663973,671136,683723,677725,682430,681860,683697,677342,669076,654206,646119,624783,618233,604351,592947,579115,559624,540892,523206,515783,504796,490073,469398,465939,463192,460857,458676,456327,454074,451811,449285,446925,444241,440956,437622,433766,429694,425125,420799,416312,411502,406083,400476,394635,388720,382550,376502,370485,364279,357773,351339,344758,338122,331384,324696,318091,311691,305366,299377,293423,287637,281967,276456,271215
35,943840,919819,925838,947186,922657,933893,931738,928730,936890,902528,862572,829672,806028,765110,741009,723845,718861,696965,685014,667278,648310,651300,670257,658813,665500,657521,664717,645031,642068,643513,653357,659258,668199,669528,680068,671531,667697,674800,687327,681269,685914,685284,687061,680646,672320,657390,649243,627847,621236,607294,595830,581938,562388,543595,525849,518366,507319,492536,471800,468281,465474,463080,460838,458429,456116,453793,451207,448787,446043,442698,439304,435387,431255,426627,422241,417694,412824,407344,401677,395776,389801,383571,377463,371386,365120,358554,352060,345418,338723,331925,325176,318511,312051,305667,299617,293603,287757,282027,276456
36,946489,950576,933625,937952,953039,927222,945180,940224,933729,942128,905540,867619,833437,806726,765659,741912,724286,720821,696978,681128,668732,654236,657254,675857,664338,670951,662897,670018,650258,647220,648590,658360,664186,673052,674306,684772,676161,672252,679280,691733,685600,690170,689465,691168,684678,676277,661273,653051,631580,624895,610878,599339,585373,565748,546880,529059,521502,510380,495523,474712,471119,468237,465768,463452,460968,458580,456183,453522,451027,448208,444788,441320,437329,433122,428419,423958,419337,414392,408838,403096,397120,391070,384766,378583,372431,366091,359450,352881,346165,339395,332522,325699,318959,312425,305965,299841,293752,287832,282027
37,958492,951090,960927,943903,943006,956367,937780,952376,944329,938132,944130,910056,871033,833639,807208,765861,742259,725890,720776,693606,682175,674296,659766,661985,680524,668943,675493,667376,674433,654611,651509,652816,662523,668286,677089,678280,688683,680008,676037,683002,695391,689195,693702,692935,694574,688021,679558,664490,656205,634671,627923,613843,602241,588211,568523,549593,531709,524088,512904,497983,477109,473453,470508,467976,465597,463050,460599,458138,455414,452856,449974,446492,442960,438906,434636,429869,425346,420661,415653,410036,404232,398193,392080,385712,379466,373251,366848,360144,353512,346733,339900,332964,326077,319275,312677,306154,299968,293815,287832
38,906125,962393,960446,968518,948261,946183,966067,944598,955700,947990,939840,948332,912952,871157,834054,807330,765795,743989,725693,718130,694653,687364,679184,664016,666178,684661,673023,679516,671343,678343,658464,655306,656556,666206,671913,680659,681794,692139,683408,679380,686289,698621,692369,696819,695995,697577,690968,682448,667323,658981,637391,630586,616449,604791,590705,570960,551973,534032,526355,515114,500136,479206,475493,472491,469902,467467,464863,462355,459838,457057,454443,451504,447965,444377,440266,435939,431116,426536,421795,416730,411056,405195,399099,392930,386505,380203,373931,367471,360710,354022,347186,340296,333304,326361,319501,312847,306268,300024,293815
39,879771,909178,972098,967946,971570,951764,956854,972753,948291,959107,949399,943595,951165,912804,871203,833831,807054,767068,743730,723110,719002,699467,691735,683316,668092,670200,688628,676934,683373,675144,682090,662155,658942,660137,669732,675384,684075,685154,695445,686659,682575,689429,701707,695399,699794,698915,700442,693778,685202,670023,661626,639980,633120,618929,607215,593074,573274,554231,536236,528503,517207,502175,481190,477421,474364,471720,469229,466571,464008,461436,458600,455931,452937,449342,445699,441533,437151,432273,427638,422841,417722,411993,406076,399926,393701,387221,380864,374537,368022,361206,354463,347572,340627,333579,326581,319667,312957,306323,300024
40,867729,882067,917270,979671,971104,973743,962193,964034,975932,951856,960310,953207,945705,950732,912484,870791,833227,808091,766871,741417,723448,723466,703590,695613,687142,671867,673923,692299,680554,686940,678660,685554,665568,662303,663447,672990,678590,687229,688257,698495,689658,685523,692325,704551,698191,702535,701604,703079,696363,687736,672505,664056,642359,635447,621204,609438,595245,575394,556300,538252,530468,519120,504036,482999,479179,476071,473375,470832,468122,465508,462884,459996,457275,454229,450583,446888,442670,438237,433307,428620,423772,418601,412820,406852,400650,394373,387842,381433,375054,368487,361620,354824,347882,340885,333786,326736,319770,313009,306323
41,841105,869171,889600,923565,983004,973231,980236,969156,968120,979184,953006,963786,955513,945247,950153,911851,870131,833979,807492,764338,741944,727487,727195,707121,699096,690579,675257,677265,695595,683802,690142,681815,688661,668628,665316,666413,675909,681462,690054,691034,701226,692341,688159,694914,707093,700686,704983,704005,705433,698670,689996,674717,666222,644477,637519,623228,611416,597176,577277,558136,540041,532210,520815,505684,484600,480733,477577,474835,472245,469488,466826,464155,461220,458452,455359,451666,447924,443659,439179,434202,429468,424573,419354,413526,407511,401262,394938,388360,381904,375478,368864,361949,355107,348117,341074,333927,326830,319817,313009
42,820941,842516,875888,895310,925982,985695,979649,984960,973216,972222,980248,956333,965669,955105,944551,949191,910933,870585,833206,804929,765085,745668,730832,730524,710405,702337,693774,678408,680372,698657,686821,693116,684744,691547,671469,668112,669165,678616,684125,692673,693609,703756,694827,690600,697311,709445,702994,707247,706224,707608,700800,692082,676759,668219,646430,639427,625092,613236,598951,579008,559823,541684,533808,522369,507193,486065,482153,478953,476166,473532,470730,468024,465309,462330,459517,456380,452643,448856,444547,440022,435001,430222,425283,420020,414148,408088,401794,395426,388804,382303,375833,369175,362216,355329,348295,341207,334016,326875,319817
43,785370,822547,849333,881070,897310,927666,992492,984337,987426,977076,973900,983109,958096,965223,954408,943493,948160,911068,869464,831055,805565,768403,748543,734018,733667,713506,705395,696791,681382,683303,701546,689667,695920,687505,694265,674145,670746,671756,681165,686631,695137,696030,706135,697164,692894,699562,711654,705161,709371,708305,709647,702797,694036,678671,670088,648257,641211,626834,614935,600608,580622,561394,543213,535295,523813,508595,487424,483470,480228,477398,474721,471877,469129,466371,463349,460494,457315,453535,449706,445354,440787,435723,430902,425920,420615,414700,408598,402262,395851,389186,382643,376130,369430,362428,355499,348422,341292,334058,326875
44,778115,787084,829074,854196,882452,898742,933550,997542,986600,990052,978769,976785,984531,957607,964234,953322,942507,948308,910431,866831,832042,808540,771059,751631,737064,736673,716471,708319,699673,684223,686103,704305,692384,698596,690140,696859,676698,673258,674226,683594,689019,697484,698336,708400,699387,695077,701703,713754,707219,711388,710282,711582,704691,695889,680482,671859,649986,642900,628481,616541,602172,582146,562877,544654,536695,525172,509912,488700,484705,481422,478551,475833,472948,470158,467359,464296,461400,458179,454358,450488,446095,441487,436382,431520,426496,421150,415194,409051,402673,396222,389515,382931,376377,369635,362593,355622,348505,341333,334058
45,773073,779806,793254,833637,855485,882945,904075,937727,1000289,989357,990724,981147,978283,983789,956402,962938,952006,942526,947191,908080,867935,834616,810803,773939,754472,739868,739437,719197,711007,702322,686834,688676,706839,694880,701053,692560,699240,679040,675562,676492,685821,691208,699634,700448,710473,701422,697073,703662,715674,709101,713231,712087,713349,706419,697578,682133,673472,651561,644436,629979,618000,603593,583528,564221,545960,537962,526401,511103,489852,485819,482497,479588,476832,473908,471080,468242,465141,462207,458947,455088,451179,446748,442101,436958,432057,426996,421611,415617,409435,403019,396529,389784,383162,376569,369789,362708,355699,348543,341333
46,764041,773960,785943,797752,835272,856397,887740,907659,939638,1003176,990040,992410,982281,977252,982464,954941,961551,951644,941384,944130,909147,870236,836269,813566,776665,757161,742520,742053,721776,713548,704827,689302,691107,709234,697238,703374,694844,701487,681251,677735,678629,687921,693271,701660,702437,712426,703338,698952,705504,717479,710869,714963,713781,715007,708040,699162,683681,674982,653034,645872,631379,619363,604920,584817,565473,547175,539141,527543,512208,490921,486850,483491,480546,477753,474792,471927,469053,465915,462943,459647,455751,451805,447337,442654,437473,432536,427438,422016,415985,409766,403314,396787,390005,383346,376717,369900,362782,355736,348543
47,756400,764534,778856,790443,799251,836140,861048,890940,909244,941770,1003945,991480,992630,981170,975787,980760,953283,960873,950417,938013,945208,911059,871324,838842,816104,779169,759631,744956,744455,724143,715881,707126,691566,693337,711429,699399,705501,696936,703546,683275,679725,680584,689842,695158,703513,704256,714210,705087,700668,707185,719126,712482,716541,715325,716516,709515,700603,685087,676354,654372,647176,632648,620598,606120,585984,566605,548273,540204,528572,513203,491881,487777,484383,481403,478576,475581,472682,469773,466601,463595,460265,456334,452354,447852,443134,437919,432948,427815,422359,416294,410041,403554,396993,390177,383483,376819,369968,362816,355736
48,726688,756856,768632,781994,791970,800168,840980,864338,892304,911060,942201,1004959,991370,991110,979534,974118,979137,952392,959708,946747,939510,946880,911768,873798,841283,818512,781544,761974,747265,746731,726386,718091,709303,693711,695449,713507,701444,707514,698916,705492,685188,681605,682431,691657,696939,705261,705971,715892,706737,702284,708768,720676,713999,718025,716776,717935,710901,701956,686407,677641,655626,648396,633835,621752,607242,587072,567661,549296,541194,529528,514127,492772,488634,485208,482195,479335,476307,473374,470433,467228,464189,460826,456862,452849,448314,443563,438315,433311,428145,422656,416558,410272,403752,397157,390309,383582,376885,370001,362816
49,725702,726874,760510,771187,782789,793106,804558,844208,865458,893628,911129,942955,1004792,989559,989111,977856,972309,977845,951065,955531,948070,941186,947176,914103,876101,843555,820754,783755,764153,749413,748848,728472,720146,711327,695703,697410,715438,703344,709382,700753,707298,686963,683349,684144,693338,698589,706880,707559,717449,708262,703778,710231,722109,715400,719395,718115,719242,712177,703201,687621,678824,656778,649517,634925,622811,608269,588069,568626,550230,542097,530400,514967,493582,489413,485955,482911,480020,476961,473997,471024,467788,464718,461324,457329,453285,448719,443937,438658,433622,428425,422905,416776,410458,403907,397282,390402,383644,376917,370001
50,728540,725013,729946,762833,771641,783028,797252,807580,845513,866805,893523,911755,942604,1002737,987355,987086,975914,970952,976325,946253,956817,949235,941266,947176,914103,876101,843555,820754,783755,764153,749413,748848,728472,720146,711327,695703,697410,715438,703344,709382,700753,707298,686963,683349,684144,693338,698589,706880,707559,717449,708262,703778,710231,722109,715400,719395,718115,719242,712177,703201,687621,678824,656778,649517,634925,622811,608269,588069,568626,550230,542097,530400,514967,493582,489413,485955,482911,480020,476961,473997,471024,467788,464718,461324,457329,453285,448719,443937,438658,433622,428425,422905,416776,410458,403907,397282,390402,383644,376917
51,760355,727588,726982,731749,762960,771738,786009,800345,808858,846821,866643,893905,911065,940784,1000098,985049,984888,974426,968981,970580,947707,957708,948948,941266,947176,914103,876101,843555,820754,783755,764153,749413,748848,728472,720146,711327,695703,697410,715438,703344,709382,700753,707298,686963,683349,684144,693338,698589,706880,707559,717449,708262,703778,710231,722109,715400,719395,718115,719242,712177,703201,687621,678824,656778,649517,634925,622811,608269,588069,568626,550230,542097,530400,514967,493582,489413,485955,482911,480020,476961,473997,471024,467788,464718,461324,457329,453285,448719,443937,438658,433622,428425,422905,416776,410458,403907,397282,390402,383644
52,763066,759104,728850,727562,731465,762647,774091,788034,801894,810088,846619,866845,893005,908854,938229,997621,982355,983002,972528,962254,972093,948192,957103,947999,940324,946228,913188,875225,842712,819933,782971,763389,748664,748099,727744,719426,710615,695007,696712,714722,702640,708672,700052,706590,686276,682665,683460,692645,697891,706173,706851,716731,707554,703075,709521,721386,714685,718676,717397,718523,711465,702498,686933,678145,656121,648868,634290,622188,607661,587481,568057,549679,541555,529870,514452,493088,488923,485469,482428,479540,476484,473523,470553,467320,464254,460862,456871,452832,448270,443493,438219,433188,427997,422482,416359,410048,403503,396885,390012
53,799562,762286,759768,729127,726386,730791,764207,775518,788513,803336,809882,846433,865620,890949,906328,935698,994884,980231,980815,965612,963727,972448,947363,956145,947051,939384,945282,912275,874350,841869,819113,782188,762625,747915,747351,727016,718707,709905,694312,696016,714007,701938,707963,699352,705884,685589,681983,682776,691952,697193,705467,706144,716014,706846,702371,708812,720665,713970,717957,716680,717804,710753,701795,686246,677467,655465,648219,633656,621566,607053,586893,567489,549130,541013,529340,513938,492595,488434,484984,481946,479060,476007,473050,470083,466853,463789,460402,456415,452379,447822,443049,437781,432755,427569,422060,415942,409638,403100,396488
54,783318,798825,763190,759427,727758,724940,731616,765031,775547,788861,803027,809359,845199,863111,888056,903469,932941,992363,978055,972976,966893,963882,971125,946415,955189,946104,938445,944337,911363,873476,841027,818294,781406,761863,747167,746603,726289,717988,709195,693618,695320,713293,701236,707255,698652,705178,684904,681301,682093,691260,696496,704762,705438,715298,706140,701669,708103,719944,713256,717239,715963,717087,710043,701094,685560,676789,654809,647571,633022,620944,606446,586306,566922,548581,540472,528811,513424,492102,487946,484499,481464,478581,475531,472577,469613,466386,463325,459941,455958,451927,447374,442606,437343,432322,427141,421637,415526,409228,402697
55,790524,782704,799341,763120,757590,725952,724712,732071,764805,775430,787910,802167,807908,842569,860092,885121,900730,930364,990171,969939,974877,966681,962198,969182,944522,953279,944211,936568,942448,909540,871729,839345,816657,779843,760339,745673,745110,724836,716552,707777,692231,693929,711867,699833,705841,697255,703767,683534,679938,680729,689877,695103,703352,704027,713868,704727,700266,706687,718505,711830,715805,714531,715652,708623,699691,684189,675436,653500,646276,631756,619703,605233,585134,565788,547483,539391,527753,512397,491118,486970,483530,480501,477624,474580,471631,468673,465453,462399,459021,455046,451023,446479,441721,436468,431458,426287,420794,414695,408410
56,620521,789327,783063,799078,761612,755456,725107,724131,731473,764271,774220,786720,800398,804978,839440,856993,882238,898112,927825,981264,971430,974129,964518,960273,967244,942633,951372,942323,934694,940563,907721,869985,837666,815024,778283,758818,744181,743620,723387,715119,706361,690846,692541,710443,698434,704429,695861,702360,682167,678578,679368,688498,693712,701945,702619,712440,703318,698865,705273,717067,710406,714373,713102,714221,707205,698292,682821,674085,652193,644983,630493,618463,604023,583963,564656,546389,538312,526697,511372,490136,485996,482563,479540,476668,473631,470688,467736,464522,461474,458103,454136,450121,445586,440837,435595,430595,425434,419953,413866
57,638204,618633,788772,782730,797469,759939,753940,723605,722321,730457,762656,772508,784350,797381,801557,836111,853804,879334,895469,919463,982625,970213,971578,961624,957392,964342,939805,948518,939496,931890,937742,904998,867375,835153,812579,775948,756542,741949,741389,721216,712974,704242,688774,690464,708312,696338,702316,693773,700253,680120,676543,677330,686432,691631,699839,700511,710303,701208,696769,703157,714916,708275,712230,710963,712078,705084,696197,680772,672063,650236,643048,628601,616608,602211,582211,562962,544749,536697,525117,509838,488665,484538,481115,478101,475238,472210,469276,466333,463129,460090,456729,452774,448770,444249,439515,434289,429303,424158,418693
58,650120,636342,617113,787682,781196,795438,758644,752421,721625,720533,728427,760620,769691,780974,793763,798005,832470,850679,876379,886357,919985,981321,967230,968663,958739,954520,961449,936986,945673,936677,929095,934928,902283,864773,832648,810141,773620,754272,739723,739165,719053,710835,702129,686708,688392,706187,694249,700209,691692,698152,678080,674513,675298,684373,689556,697740,698410,708172,699104,694678,701048,712772,706150,710093,708830,709942,702968,694109,678730,670046,648285,641119,626715,614758,600404,580465,561273,543115,535087,523542,508309,487199,483084,479672,476667,473813,470793,467868,464934,461739,458709,455359,451415,447424,442916,438196,432986,428015,422885
59,651389,647806,634638,615061,785577,779273,793732,757157,749993,719456,717934,726109,757655,766096,777007,789831,794366,828928,847647,866942,886218,918257,977801,963361,964788,954904,950702,957603,933238,941890,932931,925378,931189,898674,861314,829317,806901,770526,751255,736764,736208,716177,707991,699321,683961,685639,703362,691472,697408,688925,695359,675368,671815,672596,681635,686798,694949,695616,705339,696308,691900,698244,709920,703325,707253,705994,707102,700157,691332,676015,667366,645692,638554,624209,612299,598003,578143,559028,540943,532947,521448,506275,485251,481152,477753,474760,471918,468910,465997,463074,459892,456874,453537,449610,445634,441145,436444,431254,426303
60,660039,648612,645759,632601,612425,783136,777384,791875,754849,747089,716525,715114,722856,753862,761782,773056,785725,790780,825539,838134,866055,884349,914546,973889,959507,960929,951084,946899,953773,929505,938122,929199,921677,927464,895079,857869,826000,803673,767444,748250,733817,733263,713312,705159,696523,680541,682210,699845,688015,693921,685480,691883,671991,668456,669233,678227,683364,691474,692138,701812,692826,688440,694753,706371,699809,703716,702464,703567,696656,687876,672635,664029,642464,635362,621087,609237,595013,575252,556233,538238,530282,518319,503238,482339,478265,474887,471912,469086,466097,463201,460296,457133,454133,450816,446912,442960,438498,433825,428666
61,728898,656830,645570,643090,629845,609406,780578,775247,789171,751973,743741,713207,711376,718861,749154,757380,768463,781577,787331,815350,836655,863616,880396,909973,969020,954710,956124,946329,942165,949004,924858,933432,924553,917068,922827,890604,853579,821870,799655,763607,744509,730148,729597,709745,701633,693041,677138,678799,696346,684575,690452,682053,688423,668631,665114,665887,674836,679947,688017,688677,698303,689362,684998,690584,702133,695610,699494,698250,699346,692476,683748,668599,660045,638609,631549,617361,605582,591442,571801,552896,535009,527101,515209,500218,479445,475395,472037,469080,466271,463300,460422,457534,454390,451408,448111,444231,440303,435867,431222
62,719086,724951,653155,642041,639371,626686,606247,777754,772329,786022,748381,739579,709028,706848,714112,744596,752539,764192,777491,776787,813170,834107,859463,875994,905423,964175,949936,951344,941597,937454,944259,920233,928765,919930,912483,918212,886151,849312,817761,795656,759789,740786,726497,725949,706197,698125,689576,673753,675405,692864,681152,686999,678643,684981,665288,661788,662558,671462,676547,684577,685234,694812,685915,681573,687131,698622,692132,695997,694758,695849,689013,680330,665256,656745,635416,628392,614274,602554,588485,568942,550131,532333,524465,512633,497717,477048,473019,469677,466735,463940,460984,458119,455246,452118,449151,445871,442009,438101,433688
63,698806,714930,720429,649165,637991,635847,623377,603126,774308,769030,781756,743703,734434,703996,701841,709343,739734,747881,759731,766661,774017,809779,829469,854306,870738,899990,958390,944236,945636,935948,931829,938593,914712,923192,914411,907008,912703,880834,844216,812854,790883,755230,736342,722138,721593,701959,693238,684748,669036,670678,688014,676384,682190,673892,680186,660631,657155,657920,666762,671812,679785,680437,689948,681114,676802,682321,693732,687287,691125,689895,690978,684190,675567,660599,652148,630968,623993,609974,598336,584366,564959,546280,528607,520794,509045,494233,473708,469707,466389,463468,460693,457757,454913,452059,448953,445558,442304,438473,434596
64,647968,694592,710285,715412,644468,633619,631759,620054,599248,770265,764571,776235,738110,728804,698200,696611,703998,734624,743258,749164,763387,770439,804592,823662,848326,864642,893690,951681,937627,939016,929396,925306,932023,908309,916730,908010,900659,906314,874668,838306,807164,785346,749943,731187,717083,716542,697046,688386,679955,664353,665983,683198,671649,677415,669175,675425,656006,652555,653315,662094,667109,675026,675674,685119,676346,672064,677545,688875,682476,686287,685066,686141,679401,670838,655975,647583,626551,619625,605704,594148,580275,560439,541910,524378,516627,504972,490279,469919,465950,462658,459760,457007,454095,451273,448443,445362,441994,438765,434966
65,621927,643935,689912,705341,709970,639784,629213,627782,615886,594956,765230,758494,769765,732105,722535,692446,690949,698687,729584,732932,745177,759377,764945,798155,817073,841539,857725,886541,944068,930126,931504,921961,917904,924567,901042,909396,900746,893454,899064,867671,831600,800707,779064,743944,725338,710629,710093,690772,682190,673836,658374,659989,677049,665604,671318,663152,669346,650102,646682,647435,656135,661105,668951,669593,678952,670259,666016,671447,682676,676334,679424,678215,679280,672607,664130,649415,641107,620286,613429,599647,588206,574473,554835,536491,519134,511461,499923,485376,465220,461290,458032,455162,451980,449100,446309,443510,440463,437132,433939
66,638148,616249,639211,684862,699451,703867,634525,624651,623149,611422,590318,758422,751469,762719,725284,716222,686750,685459,693488,719124,728265,740517,753367,758825,791770,810536,834807,850863,879449,936515,922685,924052,914585,910561,917171,893834,902121,893540,886306,891871,860729,824947,794301,772831,737992,719535,704944,704413,685246,676733,668445,653107,654709,671633,660279,665948,657847,663322,644251,640862,641608,650230,655155,662930,663567,672842,664227,660022,665404,676532,670247,673309,672111,673166,666554,658153,643571,635337,614703,607908,594251,582912,569302,549841,531663,514462,506858,495423,481008,461033,457139,453909,451066,447912,445058,442293,439519,436499,433198
67,620010,631560,609823,633847,678546,692926,697351,628926,619153,617482,606259,584348,750428,744050,754814,717997,709213,680430,679502,682607,713134,722914,733952,746586,751996,784644,803241,827293,843206,871534,928086,914381,915736,906354,902366,908916,885790,894002,885498,878329,883844,852983,817522,787152,765876,731350,713059,698600,698073,679079,670642,662429,647229,648817,665588,654337,659954,651926,657352,638453,635094,635833,644378,649259,656964,657595,666786,658249,654081,659415,670443,664214,667249,666062,667108,660555,652229,637778,629619,609171,602437,588902,577666,564179,544893,526878,509832,502296,490965,476679,456883,453024,449824,447006,443881,440607,437870,435123,432134
68,607099,613096,624156,602936,627537,671737,685761,690670,622405,612840,611459,599574,577444,741832,735440,746468,710430,701821,673956,672631,677877,707562,716001,727346,739867,745228,777582,796012,819848,835617,863690,920662,907066,908410,899103,895147,901645,878703,886850,878414,871303,876774,846159,810982,781642,760514,726231,708068,693710,693186,674325,665948,657792,642698,644275,660929,649757,655334,647363,653408,634622,631284,632018,640512,645363,653022,653649,662786,654299,650157,655459,666420,660229,663246,662066,663105,657252,648968,634590,626471,606125,599425,585958,574778,561358,542168,524243,507283,499785,488510,474296,454599,450759,447575,444771,441661,438404,436118,433383
69,590165,599272,605109,616106,595250,620913,664431,678348,682827,615244,606065,603954,591984,570390,732301,726598,737434,702312,694484,667039,662989,671142,699756,708124,719345,731728,737030,769028,787256,810829,826425,854189,910534,897088,898417,889213,885300,891727,869037,877094,869630,862590,868006,837697,802872,773826,752909,718968,700987,686773,686255,667582,659288,651214,636271,637832,654320,643259,648781,640889,646874,628276,624971,625698,634747,639555,647145,647766,656821,648410,644305,649560,660422,654287,657277,656107,657137,651337,643127,628878,620833,600670,594030,580684,569605,556305,537289,519525,502717,495287,484113,470027,450962,447153,443994,441213,438128,434897,432629
70,593006,581286,590259,596738,607171,587040,613505,656651,669922,674165,607771,597855,595286,583984,562352,722568,716867,728090,694140,686526,656510,655511,662810,691358,699627,710713,722948,728186,759800,777809,801099,816508,843939,899608,886323,887636,879432,875562,881918,859478,867446,860064,853101,858458,828483,794041,765314,744627,711060,693276,679218,678706,660239,652695,644702,629909,631454,647777,636826,642293,634480,640405,621993,618721,619441,628400,633159,640674,641289,650252,641926,638507,643714,654478,648398,651361,650202,651223,645475,637339,623218,615245,595264,588683,575458,564478,551299,532453,514849,498193,490829,480240,466267,447354,443576,440442,437683,434623,431418
71,608768,582710,570940,580825,587383,598104,578185,605668,647846,660569,665058,598679,588705,586521,575250,554076,711884,706643,718819,684969,675032,647968,646595,654193,682371,690532,701474,713549,718719,749923,767698,790685,805893,832968,888813,875687,876984,868879,865055,871335,849164,857037,849743,842864,848156,819369,785306,756895,736436,703238,685650,671747,671240,652976,645516,637610,622980,625139,641299,630458,635870,628136,634001,615773,612534,613247,622116,626828,634267,634876,643750,636149,632760,637920,648588,642563,645499,644350,645362,639665,631603,617609,609708,589906,583385,570279,559963,546888,528194,510731,494207,486902,476398,462537,443776,440027,436919,434182,431146
72,551297,597073,570967,560459,570283,577468,587968,568916,596491,638137,650682,654284,588597,579300,576453,566025,544914,700442,696577,708347,672556,665198,638193,636896,644380,672135,680864,691653,703560,708657,739424,756950,779616,794611,822139,877258,864303,865584,857583,853809,860007,838125,846752,839546,832750,837978,809537,775883,747813,727599,694799,678108,664358,663856,645793,638415,630596,616127,618263,634245,623523,629512,621854,627661,609616,606409,607114,615895,620559,627924,628527,637312,629788,627065,632179,642751,636780,639689,638551,639553,633908,625919,612051,604221,584597,578718,565717,555483,542513,523968,506645,490254,483007,472587,458836,440225,436507,433424,430708
73,536257,539510,584056,558877,548666,558969,566919,577357,558227,586796,627641,638890,642389,578208,568288,565998,555637,535439,689079,685037,694417,661834,654372,627981,626705,634070,661381,669971,681278,693006,698027,728332,745596,767921,783486,810629,864976,852203,853465,845577,841856,848827,827230,835745,828632,821924,827085,799013,766572,738839,718868,686462,669971,656385,655890,638044,631392,623660,609349,611462,627268,616664,622587,615014,621384,603519,600345,601043,609736,614354,621645,622242,630939,623490,621422,626489,636966,631049,633932,632804,633797,628203,620286,606542,599387,579920,574088,561191,551039,538173,519776,502592,486332,479143,468806,455166,437144,433452,430390
74,519840,523687,525966,570584,545807,536610,547037,555296,565455,546804,575849,614915,626150,630060,566362,556967,554591,544806,525745,676292,670404,681669,649422,642593,616678,615425,622657,650138,658581,669697,681225,686161,716679,733666,755635,770950,797659,851137,839420,840664,832893,829228,836095,814821,824044,817031,810417,815505,787827,755840,728495,709523,677538,661261,647852,647363,629749,623184,616176,602037,604124,619741,609264,615116,607634,614549,596881,593741,594432,603029,607596,614807,615397,623999,617255,615207,620224,630596,624738,627593,626476,627460,621921,614703,601084,593992,574701,568922,556140,546080,533329,515098,498068,482441,475310,465056,451524,433647,429984
75,496567,506960,509272,512406,555667,532190,523333,534116,542475,552626,535123,562945,601241,613015,615828,554027,544466,542572,533883,514408,660239,656499,667333,636433,629741,604344,603116,610204,637785,646068,656972,668282,673124,703779,720460,742033,757073,783301,836667,825149,826372,818734,815131,821881,801784,810859,803959,797450,802457,775221,744502,717568,698880,667375,651342,638134,638300,620933,614460,607549,593609,595667,611064,601344,607119,599734,606560,589121,586022,586704,595792,600305,607429,608012,616511,609848,607825,612782,623029,617866,620689,619585,620557,615080,607941,594472,587458,568954,563232,550579,540619,527996,509947,493088,477617,470557,460405,447461,429744
76,478976,482210,492039,494784,497591,540163,517250,509360,519955,528587,539128,521467,549087,586884,597697,601204,540220,531505,530624,521003,500510,644868,641299,651984,622432,615887,591049,589847,597389,624391,632501,643176,654248,659661,689703,706051,727192,742689,768418,820771,809472,810671,803997,800459,807087,787352,796264,790291,783894,788816,762043,731846,705369,687698,656697,640921,627924,628088,611619,605243,598436,584705,586732,601898,592324,598620,591338,598068,580874,577818,578490,588047,592501,599533,600108,608496,601920,599923,605428,615553,610452,613241,612150,613111,607699,600646,587932,580996,562696,557037,544522,534672,522188,504338,488157,472840,465851,455801,442986
77,454349,463150,466005,477519,478925,482076,523527,501056,493751,505137,513868,523877,507003,534331,570235,581870,584625,525763,518346,515948,505823,486886,628490,625266,635684,606871,600489,576863,575691,583052,609406,617953,628383,639200,644489,674530,690518,711194,726350,752282,803535,792473,793647,787113,784450,790945,771605,780339,774485,769000,773828,747564,717941,691967,675319,644876,629384,616622,616782,601221,594954,588263,574765,576757,592268,582847,589042,581877,588499,571580,569151,569813,579226,583613,590540,591106,599977,593493,591524,596952,606935,601905,604656,604192,605140,599799,592837,580289,573443,555381,550352,537988,528256,515922,498286,482299,467166,460261,450788
78,436815,438348,445416,449619,461122,462496,465661,505719,483515,477223,489364,497244,507613,491887,517299,553415,564036,567636,511316,502187,499100,490627,473055,610892,607759,617885,590485,584276,561288,560147,567893,593561,601886,612045,623220,628377,657666,673945,694126,708917,734227,785053,774246,775393,769009,767192,773545,754629,763171,758221,752851,757578,731865,702864,678128,661813,631979,616796,604906,605063,589798,583650,577086,564419,566376,581607,572355,578439,571403,578495,561863,559475,560126,569379,574275,581091,581649,590378,583997,582060,587998,597831,592877,595586,595129,596063,591402,584538,572165,565415,547605,542647,530456,521389,509215,491808,476029,461093,454278
79,411233,417981,420126,428003,431965,444178,444663,447558,486136,465205,459929,471533,479630,490262,473983,500056,534369,545322,549844,493664,483845,482055,474613,457917,591343,588918,598731,572180,566748,544449,543343,550856,576348,584432,594296,605770,610782,639252,655749,675384,689777,714403,764642,754115,755233,749784,748012,754206,735764,744855,740024,734782,739396,715032,686698,662531,646591,618075,603227,591598,591752,577412,571393,564967,552566,554482,569975,560908,566870,559975,567503,551187,548845,549484,558561,563938,570631,571179,579751,573485,572165,578002,587668,582798,585461,585012,586526,581939,575185,563011,556368,538844,534508,522499,513568,501577,484431,468888,454638
80,384464,392198,396927,400986,408313,413695,425452,425072,428253,465001,446148,440802,452313,461054,470284,456104,480635,514429,526084,527760,474013,465351,464274,457526,441432,570646,568306,578374,552726,547478,526483,525413,533228,557905,565730,575872,586991,591848,620074,636076,655123,669773,693685,742467,733000,734086,728790,727816,733842,715898,725489,720783,715678,720911,697156,669531,645967,631073,603241,588749,577991,578141,564132,558251,552538,540409,542283,557435,549129,554966,548215,555586,540164,537868,538494,547390,553224,559789,560327,568735,562589,561866,567598,577090,572307,574923,575067,576555,572046,565407,553439,547467,530222,525956,514139,505351,494053,477165,461855
81,359466,364084,370177,375502,380230,388238,393366,404492,404055,407354,442519,425307,420843,432359,439915,450097,435869,460163,493871,502658,504385,453769,446281,445703,439225,424216,548391,546710,556396,532275,527222,507529,506498,514565,538378,546495,556293,567033,572317,599612,615722,634159,649010,672181,719451,711010,712064,707655,706709,712561,695853,705175,700601,696355,701446,678333,652123,629172,614665,588160,574031,563541,564266,550592,544853,539829,527980,529810,545172,537048,542757,536155,543918,528820,526573,527724,536442,542159,548594,549680,557930,551900,551190,557381,566702,562006,564574,564716,566754,562321,555795,544031,538707,521739,517540,505913,497265,486642,470007
82,218936,336403,341661,349795,352229,357273,366342,371395,382462,381487,386199,418846,403312,400186,409352,418373,427083,414713,439070,468561,477431,479584,433039,425752,425646,419460,405550,524810,523202,533027,509920,505606,486720,486238,493983,517382,525182,535154,545486,551141,577426,593556,611329,626295,648654,694989,686836,687854,684303,683388,689759,673586,683315,678883,674768,680403,657983,633211,610926,596840,571692,557958,547762,549031,535726,530142,525794,514253,516035,531543,523622,529188,523287,530864,516128,514462,515586,524104,530232,536524,537587,545655,540310,539615,545676,555368,550766,553282,553421,555985,551637,545235,533694,529010,512347,508225,496807,488812,478369
83,155570,203983,310893,320554,326920,329201,332517,340053,345716,356922,358602,362879,394704,380759,376316,386509,394210,403674,392934,413022,441720,450978,454680,410520,403612,403938,398487,385678,499094,498088,507975,485953,482348,464331,464357,472247,494617,502599,512142,522576,528544,553752,569814,586876,601869,623357,668580,660736,662403,658983,658786,664928,650010,659399,655801,651825,657950,636270,612949,591377,577741,553969,540661,531329,532560,520190,514768,510546,499853,501586,516659,509484,514900,509681,517062,502709,501600,502697,511001,517506,523648,524685,533105,527882,527204,533671,543150,538649,541110,541799,544310,540053,534330,523020,518430,502100,498568,487367,479524
84,149725,143552,187932,287262,296659,303300,305359,307757,314667,320860,329591,334025,339153,369558,354648,352595,361140,369736,379577,365962,386374,413542,424096,427399,385889,379799,380510,375773,363695,471145,470693,480036,459712,456301,439722,440211,447691,469391,476966,486535,496969,502646,527172,542462,559293,573581,594682,638494,631003,633257,629988,630458,636336,622710,631704,628913,625101,631632,610819,589044,568313,555209,532918,520116,511670,512855,501463,496236,492166,482359,484031,499093,492162,497908,492862,499999,486622,485549,486610,495160,501463,507938,508945,517112,512574,511915,518195,527942,523567,525959,527171,529613,525471,520438,509422,504951,489046,486104,475183
85,170871,136599,130661,172989,262574,273069,279256,281629,283459,290266,296097,303765,309266,314699,341216,329223,326547,335183,344257,349855,338706,358308,384869,394833,397908,359649,353973,355015,350972,339691,440521,440098,449314,430750,427554,412459,412917,420381,440758,448348,457343,467648,472990,496596,511542,527413,541461,561380,603376,596298,599061,595969,596413,602610,589706,598855,596209,593220,599418,580278,559591,540466,528004,507338,495150,487110,488751,477895,473409,469526,460170,462249,476634,470507,476000,471176,478499,465698,465156,466173,474364,480903,487113,488078,496427,492071,491951,497985,507352,503671,505973,507138,510018,506029,501181,491083,486773,471440,469090
86,194274,154349,122595,118539,156707,238273,248246,254370,257105,259529,265316,270045,278125,284028,287224,313435,301039,300229,308797,313617,320243,310018,330127,354464,363641,366871,331956,326717,328034,324649,314214,407922,407531,416514,399736,396770,383174,383600,390955,410346,417412,426243,435848,441299,463324,477780,493131,506266,525452,564760,558731,561320,559019,559435,565851,553734,562924,560437,558220,564053,546622,527135,509659,497907,478927,467422,460319,461870,451610,447845,444172,435781,437750,451849,446040,451248,447146,454095,442413,441898,443330,451120,457339,463731,464650,473095,468944,468829,475078,484014,480502,483204,484317,487577,483764,479129,469966,465841,451168
87,174697,172825,136395,110300,105876,140875,213370,222576,228402,232945,234297,238677,244281,252492,255800,261107,283301,273375,273406,277429,283396,289067,282883,300415,322917,331277,334587,303076,298619,299823,297054,287820,373657,373706,382360,366958,364632,352520,352912,360069,377929,384854,393423,402288,407760,428111,441947,456639,468802,487094,523533,518502,521467,519328,520275,526241,515526,524082,522327,520261,526261,510545,492344,476531,465543,448276,437507,431319,432772,423611,420079,417077,409198,411485,424738,419724,424624,420764,427758,416753,416710,418060,425857,431728,438226,439094,447548,443621,443512,449899,458361,455516,458077,459133,462710,459092,455173,446468,442549
88,155547,152658,149097,120745,97325,93855,124792,187685,195734,201579,207364,207767,212907,218748,224300,229190,232485,254237,245503,241985,246835,251833,260569,254028,270073,290625,298480,301462,273374,269653,271040,268834,260477,338533,338951,347182,333564,331450,320793,321503,328383,344671,351372,359588,368093,373101,392150,405265,419195,430360,447639,481650,477022,480271,478821,479693,485721,476346,484252,483152,481762,487318,473275,456403,442221,432490,416448,406881,401126,402911,394805,391513,389133,381782,384327,396705,392442,397448,393835,400809,390497,390874,392141,399880,405393,411933,412749,421143,417447,417788,423805,432235,429552,432425,433421,437261,433842,430594,422359
89,133044,131651,127826,128747,104558,85194,81939,108676,165287,171972,174033,180975,182769,187719,190738,197870,200576,204776,224661,213216,212072,215250,223505,230603,225069,239555,258075,265349,268302,243303,240261,241768,240069,232866,302987,303700,311423,299541,297974,288714,289353,295873,310893,317288,325068,333124,337656,355287,367575,380629,391197,406904,438302,434567,438007,436684,437960,443949,435857,443090,442568,441776,447358,434466,419434,406843,397891,383549,375145,369838,371886,364800,361758,359948,353530,355887,367746,364186,368832,365873,372352,363162,363903,365083,372688,377826,384333,385507,393347,390313,390632,396681,404572,402490,405615,406549,410588,407377,404758
90,105120,112437,109718,109202,108931,89890,73274,70209,93002,143230,147974,149299,156364,158541,160585,165541,170375,173875,178020,191492,183747,181529,187437,194002,200394,195585,208413,224783,231384,233959,212403,209988,211547,210060,203991,265719,266649,273429,263296,262217,254068,254920,260960,274208,280166,287360,294482,298826,314785,325672,337618,347383,361331,389650,386765,389826,389086,390660,396002,389220,395680,395655,395389,400385,389282,375813,364938,357306,344427,337255,332485,334698,328685,325944,324673,318884,321366,332074,329224,333424,331115,337350,329025,330060,331130,338400,343066,349359,350426,357946,355185,355866,361376,368969,367071,370326,371179,375278,372343
91,86191,87053,92056,91992,91175,91857,75706,61524,59066,78656,121814,124431,126828,133214,132910,136876,139570,145270,148233,148486,161497,153774,154977,159508,165095,170736,166834,177776,191965,197602,200035,181817,179750,181295,180231,175024,228253,229318,235149,226698,225769,219007,219996,225208,236915,242343,248566,255021,258783,272918,282683,293052,301876,313996,338995,336485,339538,339283,340656,345710,339789,345824,345803,345966,350737,341011,329588,320051,313714,302407,296447,292254,294534,289571,287157,286362,281256,283766,293221,291034,294747,293037,298555,291516,292433,293712,300161,304642,310230,311529,318214,316114,316721,321986,328751,327427,330331,331463,335123
92,62513,69959,69733,75803,74888,75505,75812,62592,50705,48904,65643,100196,103609,105794,109458,110993,112976,116481,121373,120185,122650,132164,129228,129095,132870,137690,142564,139306,148621,160482,165393,167629,152363,150810,152107,151394,147195,191961,193085,197995,191106,190549,184842,185896,190301,200430,205265,210535,216258,219448,231708,239998,249094,256594,267211,288824,286685,289626,289408,290920,295236,290520,295679,296007,296146,300582,292587,282786,274924,269481,260070,254944,251631,253594,249610,247529,247130,242724,245174,253343,251744,254956,253770,258549,252744,253540,254942,260540,264734,269590,271030,276846,275335,275864,280772,286671,285844,288379,289699
93,47236,49717,54699,56249,60543,60800,61376,61225,50506,41402,40015,52870,81437,84702,84966,89560,89705,92323,95283,96282,96940,97721,109033,105320,105213,108422,112355,116475,113813,121572,131274,135457,137288,124937,123664,124880,124295,120994,157792,158909,162950,157472,157012,152494,153364,157189,165555,169754,174113,179061,181703,192085,198958,206748,212973,222052,240013,238522,240969,241077,242336,246227,242293,246892,247166,247282,251286,244603,236692,230111,225825,217938,213898,211118,213019,209672,208172,207836,204130,206436,213315,212220,214928,214182,218215,213569,214241,215426,220417,223965,228343,229562,234765,233484,233932,238375,243384,242967,245122
94,32241,36605,37813,43209,43644,47796,48077,48553,48975,40342,33261,31384,41835,65141,66394,68087,70644,71496,73451,73213,75505,74594,79009,86572,83624,83539,86196,89322,92714,90595,96771,104626,107959,109556,99700,98684,99779,99311,96674,126233,127127,130523,126135,125766,122300,122998,126222,132941,136312,139987,143965,146271,154629,160161,166639,171656,178974,193690,192487,194703,194790,195808,199197,196015,199736,200204,200298,203793,198373,191957,186850,183369,176966,173899,171639,173184,170673,169452,169387,166366,168245,174065,173172,175381,174986,178282,174486,175249,176218,180301,183427,187013,188241,192507,191457,192058,195706,199818,199719
95,23363,24311,26954,28990,32507,33549,36704,36940,38091,38736,31728,25510,24229,32689,49341,51554,52226,54883,55649,54860,56055,56452,58624,61073,67006,64725,64742,66801,69224,71946,70302,75191,81294,83884,85234,77566,76875,77727,77363,75406,98462,99286,101938,98637,98349,95639,96307,98832,104093,106869,109749,113013,114822,121383,125887,130978,135093,140852,152434,151680,153426,153689,154492,157167,154852,157791,158161,158436,161200,157111,152030,147985,145412,140334,138076,136281,137508,135685,134714,134662,132427,133923,138730,138018,139779,139639,142269,139240,140024,140798,144060,146742,149610,150781,154198,153357,154031,156956,160254
96,16400,17254,17494,20055,21122,24346,25054,27290,28086,29780,30072,23522,19375,18513,24270,37624,38707,39836,41447,40293,40802,40632,43323,44261,46110,50657,48932,48945,50569,52403,54535,53289,56995,61702,63668,64778,58950,58501,59150,58873,57459,75028,75755,77779,75260,75139,73068,73675,75606,79631,81861,84068,86681,88069,93101,96681,100591,103887,108315,117222,116793,118138,118341,119113,121175,119545,121815,122100,122471,124608,121604,117671,114540,112694,108759,107009,105754,106706,105427,104673,104632,103028,104192,108070,107516,108887,108918,110969,108607,109359,109963,112655,114752,116995,118061,120737,120078,120760,123054
97,10981,11797,11980,12758,14071,15356,17559,18179,20203,21305,22796,21639,17158,14483,13246,17960,27307,28842,29302,29016,29171,28420,30407,31755,32443,33799,37182,35916,35926,37168,38516,40138,39220,41948,45474,46923,47741,43505,43174,43653,43507,42462,55445,56059,57556,55768,55678,54143,54667,56100,59086,60823,62462,64404,65523,69267,71930,74940,77396,80695,87447,87128,88131,88400,88977,90518,89420,91117,91453,91731,93331,91203,88253,85905,84633,81678,80363,79527,80243,79281,78818,78788,77580,78561,81485,81067,82210,82233,83782,82107,82675,83132,85280,86867,88565,89490,91519,91019,91657
98,6838,7643,7901,8505,8725,9888,10871,12349,12977,14740,15766,16125,15362,12386,10142,9607,12695,19650,20560,20113,20528,19836,20722,21741,22705,23229,24200,26659,25788,25794,26723,27693,28899,28238,30244,32787,33878,34517,31454,31258,31605,31543,30785,40253,40755,41843,40599,40533,39470,39852,40953,43133,44461,45660,47143,48028,50773,52797,55006,56886,59311,64361,64126,64952,65151,65665,66802,66081,67335,67675,67972,69158,67672,65484,63827,62882,60768,59790,59247,59781,59144,58798,58855,57952,58763,60951,60719,61575,61675,62836,61662,62089,62515,64130,65411,66689,67476,69005,68719
99,4866,4702,4971,5411,5682,5945,6643,7469,8547,9207,10791,10705,11153,10728,8258,7145,6689,8985,13421,13635,13742,13403,14090,14339,15044,15734,16098,16770,18501,17896,17927,18573,19246,20113,19654,21080,22852,23613,24093,21955,21818,22091,22048,21549,28177,28528,29332,28459,28454,27708,27976,28790,30322,31301,32144,33189,33860,35795,37222,38834,40161,41932,45503,45337,45986,46127,46557,47363,46851,47808,48049,48260,49171,48115,46624,45445,44772,43327,42630,42243,42683,42228,42041,42081,41436,42074,43640,43475,44149,44221,45116,44273,44580,44948,46109,47030,48016,48582,49683
100,6121,7093,7200,8095,8538,9122,9575,10158,11297,13106,15435,16205,17252,18420,17698,16558,14984,14132,14804,17177,19714,20445,22552,23464,24209,25137,26173,27070,28074,29826,30561,31051,31778,32675,33805,34234,35422,37318,39019,40416,39941,39549,39474,39398,39030,43038,45830,48132,49048,49631,49527,49631,50219,51577,53074,54572,56201,57673,59855,62166,64679,67138,69847,73868,76337,78333,79702,80854,82108,82583,83500,84242,84852,85826,85774,84785,83397,82077,80307,78727,77467,76942,76315,75793,75484,74874,74892,75906,76449,77229,77774,78697,78748,78977,79360,80348,81571,82985,84254
