age,1974,1975,1976,1977,1978,1979,1980,1981,1982,1983,1984,1985,1986,1987,1988,1989,1990,1991,1992,1993,1994,1995,1996,1997,1998,1999,2000,2001,2002,2003,2004,2005,2006,2007,2008,2009,2010,2011,2012,2013,2014,2015,2016,2017,2018,2019,2020,2021,2022,2023
0,-0.02443089,-0.023538430000000003,-0.021786049999999998,-0.02045305,-0.018872160000000002,-0.01761368,-0.01624547,-0.01506208,-0.01330362,-0.01248751,-0.01165704,-0.01115698,-0.0109685,-0.010255760000000001,-0.00947876,-0.00917893,-0.00851966,-0.0084055,-0.00796043,-0.00779201,-0.00737505,-0.00674511,-0.00617629,-0.00580326,-0.0056684299999999995,-0.0053095600000000005,-0.0048986,-0.00465539,-0.00431637,-0.0040675,-0.00371367,-0.00353061,-0.00336251,-0.0032325599999999998,-0.0031339700000000002,-0.00320258,-0.0032051799999999997,-0.00315169,-0.00301065,-0.0030118000000000002,-0.00297581,-0.00297828,-0.00296235,-0.00291464,-0.00291817,-0.00278395,-0.0026322299999999997,-0.00240699,-0.00234568,-0.00246276
1,-0.00116066,-0.00103422,-0.00099165,-0.00095104,-0.0009311199999999999,-0.00089056,-0.00087987,-0.00084193,-0.00081799,-0.00076883,-0.00069918,-0.000638,-0.00053224,-0.00056415,-0.00053859,-0.00049232,-0.000447,-0.00047143,-0.00049745,-0.00045924999999999997,-0.00044761000000000003,-0.00045505000000000003,-0.00043327,-0.00042335,-0.00037196,-0.00033846,-0.000296,-0.00028931000000000003,-0.00027765,-0.00025435999999999997,-0.00024638,-0.00022535,-0.00023036999999999998,-0.00021857999999999998,-0.00021657000000000002,-0.00021295,-0.00021321,-0.00021778,-0.00021551,-0.00022616,-0.00021728,-0.00021071000000000002,-0.00018973999999999998,-0.00020257,-0.00020407,-0.00020848,-0.00019069,-0.00018155,-0.00017468,-0.00019826
2,-0.00080348,-0.0007294000000000001,-0.0006874299999999999,-0.00066184,-0.0006434800000000001,-0.00061949,-0.0006174899999999999,-0.00058284,-0.00056951,-0.0005413400000000001,-0.00050204,-0.00047066999999999996,-0.00039702,-0.00039987,-0.00038544,-0.00036343,-0.00033365,-0.00034038,-0.00035253,-0.00036470999999999997,-0.00036534,-0.00035788,-0.00033148,-0.00032665,-0.00029545,-0.00026437,-0.00021956,-0.00020968999999999998,-0.00020472,-0.00019674,-0.00019004,-0.00017678,-0.00017689,-0.00016701,-0.0001656,-0.00016399,-0.00016491,-0.00015946,-0.00015767,-0.00016048,-0.00016308,-0.00016200999999999998,-0.0001476,-0.00014528,-0.00014497,-0.00015157999999999998,-0.00014254,-0.00013456,-0.00012547,-0.00013875
3,-0.00057996,-0.0005403799999999999,-0.00049936,-0.00048049,-0.00045956999999999997,-0.00044313999999999996,-0.0004482,-0.00042205,-0.00041508,-0.00039368,-0.00037186,-0.00035321,-0.00030719000000000005,-0.00029665000000000003,-0.00028641,-0.00027857,-0.00026015,-0.00026178000000000003,-0.00026516,-0.00029334,-0.0002961,-0.00028696,-0.00026195,-0.00025689,-0.0002369,-0.00020938,-0.00016845,-0.00016013,-0.00015908,-0.00015732,-0.00014841,-0.00014177000000000002,-0.00014050000000000003,-0.00013178000000000002,-0.00012955,-0.00012548,-0.00012738,-0.00012132,-0.00012249,-0.00011655,-0.0001217,-0.00012399,-0.00011483999999999999,-0.00010717,-0.00010941,-0.00011358000000000001,-0.00010965999999999999,-0.00010102,-9.435e-05,-0.00010263999999999999
4,-0.00045033000000000003,-0.0004304,-0.00039231,-0.00037668,-0.00035273,-0.00033785,-0.00034652,-0.00032878000000000003,-0.00032648,-0.00030453999999999995,-0.00029172,-0.00027659,-0.00025174999999999997,-0.00023678,-0.00022677,-0.00022524,-0.00021405,-0.00021636,-0.00021521000000000002,-0.00024178,-0.00024218000000000002,-0.00023755,-0.00021671,-0.00020992,-0.0001946,-0.00017085,-0.00013716,-0.00013142,-0.00013183,-0.00013142,-0.00012013,-0.0001177,-0.00011635,-0.00010912,-0.00010567999999999999,-0.00010147,-0.00010084,-9.769e-05,-9.97e-05,-8.96e-05,-9.479e-05,-9.793e-05,-9.164e-05,-8.423999999999999e-05,-8.944000000000001e-05,-8.939e-05,-8.765e-05,-7.861999999999999e-05,-7.59e-05,-8.253000000000001e-05
5,-0.00042235,-0.00040060000000000003,-0.00036927,-0.00035675,-0.00033141999999999997,-0.0003117,-0.00031694,-0.00030347,-0.00030944,-0.00028054,-0.00026919,-0.00024878,-0.00023359,-0.00022302,-0.00021104999999999998,-0.00020606,-0.00019604,-0.00019944,-0.00019461,-0.00020766,-0.00020776,-0.00021082999999999999,-0.00019682,-0.00019053999999999997,-0.00017241999999999998,-0.00015233,-0.00012934,-0.00012441,-0.00012067999999999999,-0.00012489,-0.00010845000000000001,-0.00010481,-0.000106,-0.00010045,-9.476e-05,-9.248000000000001e-05,-8.953e-05,-8.855e-05,-9.112000000000001e-05,-8.345e-05,-8.005e-05,-8.013000000000001e-05,-8.103e-05,-7.9e-05,-8.353e-05,-7.91e-05,-7.493e-05,-6.826e-05,-7.265e-05,-7.759000000000001e-05
6,-0.00039814,-0.0003785,-0.00035924,-0.00034871999999999995,-0.00032434,-0.00029686000000000003,-0.00029696,-0.00028181,-0.00028555999999999997,-0.00025799,-0.00025027,-0.00023265,-0.00022603,-0.000216,-0.00019706000000000001,-0.00018719,-0.00017649,-0.00018744,-0.00019112,-0.00019703,-0.00018647,-0.00019503,-0.00018392,-0.00017891,-0.00015674,-0.0001384,-0.00012239,-0.0001193,-0.00011709,-0.00011121,-0.00010273,-9.825e-05,-9.471e-05,-9.665e-05,-9.067e-05,-8.821e-05,-8.159e-05,-8.364e-05,-9.004e-05,-8.381e-05,-7.516e-05,-7.831e-05,-7.509e-05,-7.657e-05,-8.012e-05,-7.204000000000001e-05,-7.029e-05,-6.693e-05,-7.149e-05,-7.737e-05
7,-0.0003729,-0.00035548999999999997,-0.00034202,-0.00033213,-0.00031554,-0.00029237,-0.00029003,-0.00027522999999999995,-0.00027839000000000005,-0.00024783,-0.00023956,-0.0002252,-0.00021705,-0.00020419,-0.00018839,-0.00017892,-0.00016926,-0.00017743000000000001,-0.00018338,-0.00018669,-0.00017912,-0.0001831,-0.00017143,-0.00016423,-0.00014811,-0.00012914,-0.00012019,-0.0001104,-0.0001128,-0.0001048,-0.00010489,-9.439e-05,-9.228e-05,-9.352000000000001e-05,-8.78e-05,-8.96e-05,-7.947999999999999e-05,-8.021e-05,-7.459e-05,-7.864e-05,-7.601e-05,-7.291e-05,-7.507e-05,-7.439999999999999e-05,-7.87e-05,-6.822000000000001e-05,-6.393e-05,-6.378e-05,-7.04e-05,-7.551e-05
8,-0.00034414,-0.00033213,-0.00032158999999999996,-0.00031506,-0.00030178,-0.00028221,-0.00027958,-0.00025812000000000003,-0.00025493,-0.00022994,-0.00022661,-0.00022435,-0.00021425,-0.00020502999999999998,-0.00018546,-0.00017424999999999998,-0.00016191,-0.00016423,-0.00016984,-0.00017537,-0.00017609,-0.00017099000000000001,-0.00015944,-0.00014791,-0.00014295,-0.00012200999999999999,-0.0001121,-0.00010288,-0.00010905,-0.00010174999999999999,-9.944e-05,-9.305e-05,-8.411e-05,-9.036e-05,-8.520999999999999e-05,-8.643000000000001e-05,-7.819e-05,-8.114e-05,-7.206e-05,-7.679e-05,-7.413e-05,-7.244e-05,-7.584e-05,-7.609e-05,-7.525e-05,-6.973e-05,-6.152e-05,-6.554e-05,-6.364000000000001e-05,-7.318e-05
9,-0.00031508999999999997,-0.00030514,-0.00029778,-0.0002944,-0.00028849999999999997,-0.00027591,-0.00027596,-0.00025580000000000004,-0.00023829,-0.00021383,-0.00021256,-0.00021437,-0.00021035999999999998,-0.00020352,-0.00018457,-0.0001694,-0.00016233,-0.00016254,-0.00016661,-0.00016824,-0.00017073,-0.00016270000000000002,-0.00015234,-0.00014082,-0.00014023,-0.00011878,-0.00010596999999999999,-0.00010104000000000001,-0.00010705,-0.00010008,-9.729e-05,-9.048e-05,-8.265e-05,-8.504e-05,-8.102e-05,-8.554000000000001e-05,-7.984e-05,-8.073e-05,-7.357e-05,-7.512000000000001e-05,-7.273e-05,-7.214e-05,-7.277e-05,-7.438e-05,-7.500999999999999e-05,-7.659000000000001e-05,-6.53e-05,-6.644e-05,-6.497999999999999e-05,-7.159e-05
10,-0.00030481000000000003,-0.00029534,-0.00028877000000000004,-0.00029011,-0.00028372,-0.00027455000000000003,-0.00027256000000000003,-0.0002512,-0.00023374,-0.00020915000000000002,-0.00020681,-0.00020912,-0.00020784,-0.00020208000000000002,-0.00018496000000000002,-0.00017460000000000002,-0.00016450000000000001,-0.00016188,-0.00016683,-0.00017062,-0.0001693,-0.00016081,-0.00014778,-0.0001395,-0.00013757,-0.00012435000000000001,-0.00011516,-0.00010728,-0.0001124,-0.00010190000000000001,-9.583999999999999e-05,-9.038e-05,-8.396e-05,-8.348e-05,-8.092e-05,-8.638e-05,-8.132e-05,-8.341e-05,-7.537e-05,-7.293e-05,-7.013999999999999e-05,-6.952e-05,-7.146e-05,-7.615e-05,-7.964e-05,-7.895000000000001e-05,-7.120999999999999e-05,-7.214e-05,-6.693e-05,-6.975e-05
11,-0.00030436,-0.00029042,-0.00028149,-0.00028757,-0.00028269,-0.00027602,-0.0002783,-0.00025726,-0.00024307999999999998,-0.00021929000000000002,-0.00021079,-0.00021026,-0.00021135999999999998,-0.00020323,-0.00019509,-0.00018287000000000002,-0.00017691,-0.00016983000000000002,-0.00017186000000000002,-0.00017951,-0.00017533999999999998,-0.00016512,-0.00015639,-0.00015239,-0.00014632,-0.0001373,-0.00012904,-0.0001179,-0.00011321000000000001,-0.00010938,-0.00010001,-9.903e-05,-8.989e-05,-8.596e-05,-8.471e-05,-9.14e-05,-9.128e-05,-8.863e-05,-8.201999999999999e-05,-7.673e-05,-7.621e-05,-7.199e-05,-7.398e-05,-7.988e-05,-8.402e-05,-7.827000000000001e-05,-7.295e-05,-7.223e-05,-6.941e-05,-7.226e-05
12,-0.00032235,-0.00031111,-0.00030075,-0.00030677,-0.0002999,-0.00029791,-0.00030198000000000003,-0.00028124,-0.00026385,-0.00023866000000000002,-0.00023076,-0.00022546,-0.00022542000000000002,-0.00021752,-0.00020946999999999998,-0.0001955,-0.00019328000000000002,-0.00019262,-0.00019831,-0.00020727999999999998,-0.00019479,-0.00018452,-0.00017782,-0.00018049,-0.00017187,-0.0001603,-0.00015404,-0.00013844,-0.00012633,-0.00012221,-0.00011029,-0.00011266,-0.00010765,-0.00010001,-9.713e-05,-0.00010299,-9.937e-05,-9.499000000000001e-05,-8.970999999999999e-05,-8.724999999999999e-05,-8.714e-05,-8.17e-05,-8.387999999999999e-05,-8.499e-05,-9.153e-05,-8.159e-05,-7.76e-05,-7.459e-05,-7.503e-05,-8.058e-05
13,-0.00037289,-0.00035865999999999996,-0.00034456,-0.00034260000000000003,-0.00032923,-0.00033959,-0.00035056,-0.00034029,-0.00032221,-0.0002881,-0.00027687,-0.00026502,-0.00026051000000000004,-0.00024335,-0.00023756,-0.00022906,-0.00023816,-0.00023996,-0.00024852,-0.00024875,-0.00023762,-0.00022566,-0.00022187000000000002,-0.00022078,-0.00021337,-0.00020213,-0.00019608999999999997,-0.00017745,-0.0001581,-0.00014646,-0.00013673,-0.00013356999999999998,-0.00012889,-0.00012743,-0.00012455,-0.00012576999999999998,-0.00011915000000000001,-0.00011383,-0.00010623,-0.00010266999999999999,-0.0001007,-9.685000000000001e-05,-0.00010259,-0.00010091999999999999,-0.00010143000000000001,-8.947e-05,-8.771e-05,-8.423999999999999e-05,-8.794e-05,-9.562e-05
14,-0.00044838,-0.00042980000000000004,-0.00041139,-0.00040884,-0.00039059,-0.00039317000000000003,-0.00041696,-0.0004101,-0.00039622,-0.00035912,-0.00034204,-0.00033162,-0.00032133,-0.00030298,-0.0002964,-0.00029301,-0.00030677,-0.00031395,-0.00032829,-0.00031706000000000003,-0.00030408000000000003,-0.00028906,-0.00028287,-0.00027359,-0.00026734,-0.00025283,-0.00023921999999999998,-0.0002193,-0.00020154,-0.00018479,-0.0001736,-0.00016900000000000002,-0.00016469,-0.00017244000000000002,-0.00017050000000000002,-0.00017357,-0.00015128,-0.00014455000000000002,-0.00013071,-0.00012859000000000001,-0.00012122,-0.00011913,-0.0001232,-0.0001189,-0.00012189,-0.00010971,-0.00010203,-0.00010192,-0.00010630000000000001,-0.00011427
15,-0.00053747,-0.00051245,-0.00049036,-0.00049167,-0.00047732000000000004,-0.00047613,-0.00049966,-0.00049672,-0.00049801,-0.00046049000000000003,-0.00044156,-0.00042644,-0.00040525,-0.0003893,-0.00037501,-0.00037694,-0.00040329,-0.00041216,-0.00043383,-0.00041589,-0.00040326,-0.00037696,-0.00036401,-0.0003437,-0.00033006,-0.00030918,-0.00029026000000000003,-0.00027456000000000003,-0.00025664,-0.00024307999999999998,-0.00022773999999999998,-0.00021518,-0.00021396999999999999,-0.00022042,-0.00022296,-0.00021988,-0.0001916,-0.00018382,-0.00016605,-0.00015801,-0.00014711,-0.00014863000000000002,-0.0001487,-0.00014787,-0.00014569,-0.00013543,-0.00012589,-0.00012603,-0.00012964,-0.00013615
16,-0.00064808,-0.00061942,-0.00059079,-0.0005804,-0.0005612,-0.00055632,-0.00058396,-0.00057988,-0.00059066,-0.0005621399999999999,-0.00053717,-0.00052527,-0.00049663,-0.00048262,-0.00046517,-0.00047738,-0.00050339,-0.0005169500000000001,-0.0005411,-0.0005242900000000001,-0.00050877,-0.00047183999999999995,-0.00045983,-0.00043179,-0.00040825,-0.00038334,-0.00036953,-0.00035242,-0.0003386,-0.00032243,-0.00030564000000000003,-0.00028351,-0.00027288000000000003,-0.00027632,-0.00028147,-0.00027368,-0.00024398,-0.00023705999999999998,-0.00021041,-0.00019686,-0.00018543000000000002,-0.00018202,-0.00018228,-0.00018375,-0.00017968999999999998,-0.00017112,-0.00016191,-0.00015874,-0.00016753000000000002,-0.00017303
17,-0.0007368,-0.00071198,-0.0006816,-0.00066608,-0.00063664,-0.00062414,-0.00064918,-0.00064485,-0.00065148,-0.000631,-0.00061311,-0.0006096200000000001,-0.0005759300000000001,-0.00056013,-0.00053602,-0.00055586,-0.00057462,-0.00059699,-0.0006172100000000001,-0.00060793,-0.00059625,-0.0005641699999999999,-0.00054784,-0.0005172,-0.00049079,-0.00046034,-0.00044034,-0.00042042,-0.00040703,-0.00038957000000000005,-0.00037816,-0.00034978,-0.00033521,-0.00032753999999999997,-0.00033356,-0.00032069,-0.00029576,-0.00027874,-0.00024704,-0.00023136,-0.00022011,-0.00021715000000000002,-0.00021648999999999998,-0.00021307999999999999,-0.00020802,-0.0002046,-0.0001972,-0.00019411,-0.00019827,-0.00020848
18,-0.00076017,-0.0007562799999999999,-0.00073412,-0.00072542,-0.00068147,-0.0006706100000000001,-0.00068866,-0.00069457,-0.00068964,-0.0006693900000000001,-0.00064271,-0.00065675,-0.00062617,-0.00062161,-0.00059057,-0.0006008,-0.0006136700000000001,-0.00063537,-0.00066559,-0.00066359,-0.0006497,-0.0006325899999999999,-0.0006178900000000001,-0.00059044,-0.0005590199999999999,-0.00053233,-0.0005149,-0.00048828,-0.00046363999999999997,-0.00044026,-0.00043189,-0.00040645,-0.00038656000000000004,-0.00036847999999999997,-0.00036567,-0.00036109,-0.00033745000000000004,-0.00031838,-0.00027998,-0.00027007999999999996,-0.00025026,-0.00024854,-0.00024188,-0.00023595,-0.00023333000000000002,-0.00023150999999999998,-0.00022524,-0.00022281000000000002,-0.00022454,-0.00023313
19,-0.00077291,-0.00076242,-0.00075917,-0.0007596199999999999,-0.00070592,-0.00069698,-0.0006975099999999999,-0.0007191999999999999,-0.0006949300000000001,-0.00067994,-0.00064569,-0.0006710399999999999,-0.0006601,-0.00065522,-0.00062987,-0.00063267,-0.0006462799999999999,-0.00067348,-0.00070243,-0.000696,-0.0006760399999999999,-0.0006674099999999999,-0.00066258,-0.00064156,-0.00061104,-0.00059317,-0.00058083,-0.00054904,-0.00050487,-0.00047277,-0.00046943,-0.00044923999999999995,-0.00042453,-0.00039337,-0.00037928,-0.00037322,-0.00036063,-0.00034250000000000003,-0.0003057,-0.00029708,-0.00027641,-0.00027002,-0.00025955,-0.00025495,-0.00025571,-0.00025197999999999996,-0.00024927,-0.00024233,-0.00024394,-0.00025349
20,-0.00077791,-0.00074913,-0.0007574600000000001,-0.00077164,-0.00072412,-0.00070337,-0.0007039100000000001,-0.0007136099999999999,-0.00068977,-0.0006701200000000001,-0.00064779,-0.00066408,-0.00066376,-0.0006649000000000001,-0.00066151,-0.00066547,-0.00067623,-0.0006934399999999999,-0.00072462,-0.00070831,-0.00067711,-0.00067297,-0.00066596,-0.00066808,-0.0006453100000000001,-0.00063315,-0.00061519,-0.0005812300000000001,-0.00052722,-0.00048219,-0.00047536000000000003,-0.0004687,-0.0004529,-0.00042470999999999996,-0.00040446,-0.00040366999999999996,-0.00038121,-0.00035868,-0.00032002999999999996,-0.00031036999999999997,-0.00029043,-0.00028747,-0.00027961999999999996,-0.00027267000000000003,-0.00027281,-0.00026724999999999996,-0.00026276,-0.00025534,-0.00025755,-0.00027116
21,-0.00078476,-0.00074333,-0.0007321,-0.00075542,-0.0007288,-0.00071558,-0.00070892,-0.0007098499999999999,-0.00069527,-0.00067235,-0.00065432,-0.00065885,-0.0006590200000000001,-0.00066655,-0.00068581,-0.00069392,-0.00070923,-0.0007170400000000001,-0.00074883,-0.0007293,-0.0006791599999999999,-0.00066144,-0.0006492,-0.00066029,-0.0006572700000000001,-0.00066033,-0.00064255,-0.00060395,-0.0005434999999999999,-0.00048919,-0.00047592,-0.00047155000000000005,-0.00046942,-0.0004385,-0.00041241,-0.00040638999999999996,-0.00037317,-0.00035755,-0.00032584000000000004,-0.00031621,-0.00029755,-0.00029448,-0.00029204999999999997,-0.00028656,-0.00028207,-0.00027609,-0.00026664,-0.00025885000000000003,-0.00025989000000000003,-0.00027239999999999995
22,-0.00080328,-0.00076733,-0.00072731,-0.00073285,-0.00071095,-0.0007161,-0.0007204700000000001,-0.00070977,-0.00069149,-0.0006615299999999999,-0.0006575,-0.00065476,-0.00065595,-0.0006572700000000001,-0.00068981,-0.0007175500000000001,-0.00073384,-0.00074199,-0.0007712999999999999,-0.0007470900000000001,-0.0006916299999999999,-0.0006566300000000001,-0.00064978,-0.0006711,-0.00067419,-0.0006793,-0.0006611,-0.0006187899999999999,-0.00056377,-0.00050806,-0.00048405,-0.00047824,-0.00048053,-0.00045714,-0.00042367,-0.00040719,-0.00037631,-0.00036589,-0.00033375,-0.00032799,-0.00030747999999999995,-0.00030275999999999995,-0.00030293999999999997,-0.00030297,-0.00029526000000000004,-0.00028660999999999997,-0.00026793,-0.0002671,-0.00026312000000000004,-0.00028103
23,-0.0008290499999999999,-0.00078754,-0.00074282,-0.00073112,-0.0007072000000000001,-0.00070879,-0.00071845,-0.00070263,-0.00068386,-0.00065118,-0.0006583,-0.0006568899999999999,-0.00065249,-0.00065229,-0.0006785799999999999,-0.00071911,-0.0007534800000000001,-0.0007681599999999999,-0.00079625,-0.0007509099999999999,-0.00068912,-0.0006521599999999999,-0.00064154,-0.00066864,-0.0006828100000000001,-0.00068103,-0.00065824,-0.0006173800000000001,-0.00057304,-0.0005141400000000001,-0.00048454000000000005,-0.00048178,-0.00049307,-0.00047171999999999996,-0.00043771,-0.00041462,-0.00037915,-0.00036902,-0.00034253,-0.00033775,-0.00032118999999999995,-0.00031467,-0.00031380000000000004,-0.00030878,-0.00030115,-0.00029345,-0.00027566,-0.00027300999999999996,-0.00026933,-0.00028737
24,-0.0008012200000000001,-0.00079779,-0.000739,-0.00072739,-0.00069286,-0.00069419,-0.00070615,-0.00070141,-0.00068145,-0.00064961,-0.0006434699999999999,-0.00065013,-0.0006462,-0.00065567,-0.00067965,-0.00071716,-0.00076052,-0.00079391,-0.00082785,-0.0007783099999999999,-0.00070468,-0.0006602299999999999,-0.00065198,-0.00066127,-0.00067139,-0.0006644,-0.00064514,-0.00062089,-0.0005872000000000001,-0.00052745,-0.00048924,-0.00048229,-0.00048756,-0.00047113,-0.00043364,-0.00042465000000000005,-0.00038488,-0.00038089,-0.00035204,-0.00035385,-0.00033305,-0.00033016,-0.00031902000000000005,-0.0003149,-0.00030972,-0.00030641,-0.00029085,-0.00028726,-0.00027431,-0.00028491
25,-0.00077113,-0.0007795699999999999,-0.0007506199999999999,-0.00072736,-0.0007004099999999999,-0.00069136,-0.00069566,-0.00069533,-0.00068023,-0.00066018,-0.0006353299999999999,-0.0006427199999999999,-0.0006416600000000001,-0.0006616699999999999,-0.00067855,-0.00071802,-0.00076973,-0.00082474,-0.00087427,-0.0008183,-0.00073866,-0.00067965,-0.0006739500000000001,-0.00066555,-0.00065777,-0.00063869,-0.00063034,-0.00060958,-0.00058135,-0.00053462,-0.0005061600000000001,-0.00050427,-0.00050268,-0.00047516999999999997,-0.00043019,-0.00041941,-0.00039119999999999997,-0.00038897,-0.00035909,-0.00036021999999999996,-0.00033839000000000004,-0.00033703,-0.00032142,-0.0003186,-0.00031947,-0.00031663000000000004,-0.00030535,-0.00029391,-0.00028399,-0.00028975
26,-0.00072142,-0.00073761,-0.00074829,-0.00074252,-0.00071316,-0.00070029,-0.0007017099999999999,-0.00068667,-0.0006749600000000001,-0.00066055,-0.00063859,-0.00063881,-0.0006382600000000001,-0.0006612,-0.0006887999999999999,-0.0007293800000000001,-0.00078996,-0.0008425,-0.0008981,-0.00086078,-0.00078951,-0.00072644,-0.0007055200000000001,-0.00068362,-0.0006658699999999999,-0.00062971,-0.00061753,-0.0006057500000000001,-0.0005805599999999999,-0.00054022,-0.0005166600000000001,-0.00051776,-0.00051116,-0.00049261,-0.00044752999999999997,-0.00043167,-0.00040008,-0.00038905,-0.00036159999999999995,-0.00035887999999999995,-0.00034569,-0.00034166000000000003,-0.00032815,-0.00032316,-0.00032564,-0.00032688,-0.00032227,-0.00031436999999999996,-0.00030157000000000003,-0.00030435
27,-0.00072943,-0.00070557,-0.0007275700000000001,-0.0007398,-0.00073463,-0.0007180299999999999,-0.00071715,-0.0006894700000000001,-0.0006749000000000001,-0.00066194,-0.0006464800000000001,-0.00064015,-0.0006376,-0.0006573400000000001,-0.0006918800000000001,-0.00074174,-0.00080111,-0.00086783,-0.00091345,-0.0009010099999999999,-0.0008504000000000001,-0.0007938800000000001,-0.0007542,-0.0007051500000000001,-0.00067701,-0.00064135,-0.00062641,-0.0006083,-0.0005834,-0.0005395100000000001,-0.0005292200000000001,-0.00052879,-0.00052997,-0.00050239,-0.00046045000000000005,-0.00043874999999999996,-0.00040801,-0.00038696000000000005,-0.00036396000000000003,-0.00035882,-0.00034464,-0.00033597,-0.00032482,-0.00031739,-0.00032669999999999997,-0.00033096,-0.00032912,-0.00032709,-0.00031804,-0.00032689000000000004
28,-0.00076311,-0.0007230100000000001,-0.00069813,-0.00073926,-0.00074522,-0.0007523499999999999,-0.00074256,-0.00072129,-0.00068706,-0.00066845,-0.00065539,-0.0006601399999999999,-0.00065815,-0.00065923,-0.0006850199999999999,-0.00074568,-0.00081099,-0.0008803999999999999,-0.00093743,-0.00094059,-0.00091507,-0.00088127,-0.0008407299999999999,-0.00077912,-0.0007140800000000001,-0.00065919,-0.00063662,-0.00061018,-0.0005813700000000001,-0.00053801,-0.00052457,-0.00052976,-0.00053281,-0.000515,-0.00048198999999999996,-0.00045772,-0.00042441,-0.00039233000000000003,-0.00037079,-0.00036879,-0.00035661,-0.00034189999999999996,-0.00033017999999999996,-0.00032092,-0.00032596999999999997,-0.00032972000000000003,-0.00032839,-0.00033991,-0.00033011,-0.00034655000000000005
29,-0.0008421699999999999,-0.000773,-0.00072241,-0.0007257,-0.0007484499999999999,-0.0007743499999999999,-0.0007786199999999999,-0.0007526000000000001,-0.0007152199999999999,-0.00068095,-0.00066504,-0.00067067,-0.00067988,-0.00067595,-0.0006951899999999999,-0.00074939,-0.0008244,-0.0008998000000000001,-0.00097065,-0.00098003,-0.0009674,-0.00095084,-0.00092,-0.0008498,-0.0007629399999999999,-0.00070098,-0.00066389,-0.000634,-0.0005781100000000001,-0.00052837,-0.00051496,-0.0005236199999999999,-0.0005380200000000001,-0.00051881,-0.0005026000000000001,-0.00048028,-0.00045288,-0.00041238,-0.00038458,-0.00037938,-0.00037254,-0.00035755,-0.00034967,-0.00033837,-0.00033224,-0.00032745999999999996,-0.00032173,-0.00033605,-0.00034171,-0.00036342000000000004
30,-0.00092145,-0.00085334,-0.00077013,-0.00074381,-0.00073683,-0.0007658700000000001,-0.0008007,-0.0007978600000000001,-0.00075685,-0.00071385,-0.00069056,-0.0006847800000000001,-0.00069095,-0.00069664,-0.00072058,-0.0007709,-0.00083197,-0.0009160899999999999,-0.00099977,-0.00102178,-0.0010244100000000001,-0.00102214,-0.0010043,-0.00092853,-0.00081866,-0.0007338900000000001,-0.0006793900000000001,-0.00064995,-0.00059245,-0.00053224,-0.0005161,-0.00051156,-0.0005340200000000001,-0.00051574,-0.00050876,-0.00049312,-0.00046904,-0.00043863,-0.00040874,-0.00040229999999999997,-0.00038945999999999995,-0.00038366,-0.00036609999999999995,-0.00035814,-0.00035187,-0.00034649,-0.00034409,-0.00035325,-0.00035514,-0.00037067
31,-0.00102327,-0.00093695,-0.0008572100000000001,-0.00079213,-0.0007737800000000001,-0.00075391,-0.00081787,-0.00083626,-0.0008216499999999999,-0.00075903,-0.00073861,-0.00071888,-0.0007173699999999999,-0.00072006,-0.00074328,-0.00079048,-0.0008464599999999999,-0.0009325900000000001,-0.00102934,-0.00105407,-0.0010613699999999998,-0.00106925,-0.00106031,-0.00098432,-0.0008758700000000001,-0.0007754799999999999,-0.0007111499999999999,-0.0006632,-0.00059577,-0.0005472000000000001,-0.0005209500000000001,-0.00052792,-0.00054334,-0.00052736,-0.00051854,-0.00050527,-0.00049054,-0.00046426000000000003,-0.00042918,-0.00042043,-0.00039830999999999997,-0.00040188,-0.00038697,-0.00038206,-0.00037641000000000004,-0.0003703,-0.00036685,-0.00037403999999999996,-0.00037666,-0.00038988
32,-0.0010689999999999999,-0.0010295399999999998,-0.0009622000000000001,-0.00088688,-0.0008472800000000001,-0.0008062599999999999,-0.00081639,-0.0008451499999999999,-0.00085856,-0.00081606,-0.0007962399999999999,-0.0007733799999999999,-0.00075111,-0.00073633,-0.00076244,-0.00081489,-0.00087393,-0.0009474399999999999,-0.00103564,-0.00106989,-0.00109308,-0.00110896,-0.00111452,-0.0010316700000000002,-0.00092757,-0.00081828,-0.0007435699999999999,-0.00069321,-0.00062551,-0.00057456,-0.0005461200000000001,-0.00053816,-0.00055311,-0.00053244,-0.00052157,-0.00050862,-0.00050548,-0.00048563,-0.00045667,-0.00044653,-0.00041968,-0.00042265,-0.00041404,-0.00041719,-0.00041172999999999996,-0.00040246,-0.00039534000000000005,-0.00039789000000000003,-0.0003963,-0.00040732
33,-0.00111721,-0.00108623,-0.00107637,-0.00098169,-0.0009323900000000001,-0.0008742499999999999,-0.0008483399999999999,-0.0008409299999999999,-0.00086806,-0.00085739,-0.0008680799999999999,-0.00084197,-0.00082,-0.00079374,-0.00079126,-0.0008436,-0.00090259,-0.00097934,-0.0010419099999999998,-0.00106361,-0.00109704,-0.0011288000000000001,-0.00114981,-0.00107149,-0.00095859,-0.00084268,-0.0007753100000000001,-0.00072692,-0.00066883,-0.00060828,-0.00057472,-0.00056225,-0.00056597,-0.00054555,-0.00053545,-0.0005231,-0.00052954,-0.0005195600000000001,-0.00049853,-0.0004758,-0.0004509,-0.00044458999999999997,-0.00043734,-0.00043455,-0.0004387,-0.00042894,-0.00042804,-0.00042631,-0.00042487000000000004,-0.00043853999999999996
34,-0.00114945,-0.0011527400000000002,-0.00115898,-0.00114032,-0.00106546,-0.00100424,-0.00093291,-0.00088636,-0.00087223,-0.0008978,-0.00093058,-0.00093041,-0.0008992599999999999,-0.00086943,-0.00084135,-0.00086964,-0.0009205400000000001,-0.00099207,-0.00105003,-0.00106511,-0.00108998,-0.0011359,-0.0011711,-0.00110561,-0.00098439,-0.0008551499999999999,-0.00079542,-0.00076822,-0.00071509,-0.00065462,-0.00061003,-0.00059935,-0.00059766,-0.00057377,-0.0005611500000000001,-0.00055136,-0.00055143,-0.00054523,-0.0005306,-0.00051877,-0.0004988600000000001,-0.00048429,-0.00047582999999999995,-0.00046263,-0.00045788000000000003,-0.0004527,-0.00045662000000000003,-0.00045538,-0.00045861000000000003,-0.00047142
35,-0.00119454,-0.00120028,-0.00123149,-0.0012418899999999998,-0.0012053799999999998,-0.00114272,-0.00105376,-0.00096176,-0.0009241700000000001,-0.00092369,-0.0009583199999999999,-0.0009762,-0.00097965,-0.00094823,-0.00093032,-0.00091556,-0.00095182,-0.00099125,-0.00106599,-0.00107209,-0.00109847,-0.00113335,-0.00116986,-0.0011212899999999998,-0.0010055300000000001,-0.0008964299999999999,-0.00082757,-0.00080818,-0.00075525,-0.0006972,-0.00065269,-0.00063575,-0.00063851,-0.00061699,-0.0005969100000000001,-0.0005851399999999999,-0.00058065,-0.00056601,-0.00055364,-0.0005428,-0.00054071,-0.0005268,-0.00052117,-0.00050095,-0.00049329,-0.0004773,-0.00048636,-0.00048122999999999997,-0.0004908,-0.00049618
36,-0.00126846,-0.00125712,-0.00128772,-0.00133022,-0.00130774,-0.00128377,-0.001195,-0.0010869200000000001,-0.00103272,-0.0009960400000000001,-0.00098082,-0.00101197,-0.0010490299999999998,-0.0010542,-0.00102284,-0.00099049,-0.00099826,-0.0010079899999999998,-0.00108215,-0.0010927999999999999,-0.00112233,-0.00115948,-0.00119294,-0.00115456,-0.00104755,-0.0009376600000000001,-0.00087744,-0.0008484699999999999,-0.00080095,-0.00075617,-0.0007126799999999999,-0.0006959199999999999,-0.00068305,-0.00066534,-0.00064169,-0.0006219099999999999,-0.00060876,-0.00059278,-0.00058451,-0.00058548,-0.0005949999999999999,-0.0005758600000000001,-0.0005646099999999999,-0.00053721,-0.00053147,-0.0005112799999999999,-0.00052542,-0.00052677,-0.00052606,-0.00052869
37,-0.0014114899999999998,-0.00135497,-0.0013430599999999999,-0.00137974,-0.00138763,-0.00137216,-0.0013675299999999998,-0.00124959,-0.00119123,-0.00110219,-0.00105769,-0.0010503,-0.00110102,-0.00114052,-0.0011303399999999999,-0.00107707,-0.0010827599999999999,-0.00106678,-0.00112349,-0.00112235,-0.00115335,-0.00118461,-0.00119911,-0.0011581,-0.001078,-0.00099315,-0.00094212,-0.0009037800000000001,-0.00084141,-0.0008067100000000001,-0.00077662,-0.00076386,-0.00074111,-0.00072092,-0.00069881,-0.0006767499999999999,-0.00064355,-0.00061903,-0.00061209,-0.0006173800000000001,-0.00063822,-0.00062634,-0.00061487,-0.00058494,-0.00058251,-0.00056087,-0.0005661199999999999,-0.00057135,-0.0005766,-0.0005833899999999999
38,-0.0015740700000000001,-0.00150999,-0.00145665,-0.0014357200000000001,-0.0014508000000000001,-0.00145989,-0.0014846299999999998,-0.0014270099999999998,-0.00135509,-0.00126203,-0.00118987,-0.00117013,-0.00114756,-0.00118829,-0.00121115,-0.0011968399999999998,-0.00118699,-0.00117065,-0.0011937500000000001,-0.0011736899999999998,-0.00119313,-0.00123019,-0.00124129,-0.001189,-0.00112454,-0.00105023,-0.0010184200000000001,-0.0009655,-0.0009040399999999999,-0.00085722,-0.0008355900000000001,-0.00083402,-0.00080681,-0.0007796,-0.00075351,-0.0007275000000000001,-0.00070022,-0.0006694600000000001,-0.0006643,-0.00067008,-0.0006777900000000001,-0.0006789,-0.00067312,-0.00065379,-0.0006488399999999999,-0.00062566,-0.0006219,-0.00062419,-0.00062232,-0.0006393400000000001
39,-0.00176399,-0.00169821,-0.0016375299999999999,-0.0015577000000000002,-0.00151025,-0.0015365200000000002,-0.00160726,-0.0015998000000000002,-0.00157353,-0.00144967,-0.00137503,-0.00132912,-0.00126319,-0.0012546900000000001,-0.0012795,-0.00131799,-0.00132785,-0.00129313,-0.00128144,-0.00122827,-0.0012361100000000001,-0.0012692,-0.00129118,-0.00124462,-0.0011913,-0.00112652,-0.00109656,-0.00104544,-0.0009826,-0.00093139,-0.00090625,-0.0008984100000000001,-0.00088461,-0.0008504399999999999,-0.00082672,-0.0008002899999999999,-0.00077343,-0.00074534,-0.00071842,-0.0007178099999999999,-0.00071916,-0.00072366,-0.00072745,-0.0007183399999999999,-0.00071136,-0.00068959,-0.00068553,-0.0006849699999999999,-0.00068092,-0.0007027
40,-0.00196155,-0.0018888499999999999,-0.0018395500000000001,-0.00178263,-0.0016898899999999999,-0.00164705,-0.00171387,-0.0017291399999999999,-0.0017388999999999998,-0.00167676,-0.00160294,-0.0015335799999999999,-0.00141688,-0.0013732500000000001,-0.00134087,-0.0013869899999999998,-0.0014333100000000001,-0.0014347000000000001,-0.0013951,-0.00133822,-0.0013089999999999998,-0.00132481,-0.00132341,-0.0012947100000000001,-0.00125542,-0.0012097899999999999,-0.0011635,-0.00112239,-0.00106138,-0.0010125,-0.00098349,-0.00097426,-0.00096267,-0.00093896,-0.00090297,-0.00088055,-0.0008413,-0.00082299,-0.00079864,-0.00078964,-0.00077482,-0.00077527,-0.0007805900000000001,-0.00079186,-0.00078752,-0.0007752,-0.00076005,-0.00076384,-0.00076116,-0.00078534
41,-0.00220178,-0.0021247799999999997,-0.0020658599999999997,-0.00203024,-0.0019295199999999999,-0.0018307,-0.0018025500000000002,-0.00180567,-0.00187262,-0.00186036,-0.00184103,-0.0017343200000000001,-0.0016273,-0.0015588800000000001,-0.0015055700000000001,-0.00143811,-0.00150237,-0.00153842,-0.00154714,-0.00147387,-0.0014446300000000001,-0.00141274,-0.00137609,-0.00134605,-0.00133626,-0.00130886,-0.0012430499999999999,-0.00118983,-0.0011328,-0.0010815999999999998,-0.00105413,-0.0010344,-0.0010410200000000001,-0.00102567,-0.0010012399999999998,-0.00098109,-0.00094154,-0.00091542,-0.00088147,-0.00086567,-0.00084339,-0.00084135,-0.00084663,-0.00085694,-0.00086123,-0.0008564,-0.00085121,-0.00085633,-0.0008562600000000001,-0.0008558099999999999
42,-0.00237237,-0.00240727,-0.00235854,-0.00230723,-0.00220821,-0.00208986,-0.00199595,-0.0019035299999999998,-0.00197245,-0.0020111300000000003,-0.0020232,-0.00197726,-0.00186304,-0.00180021,-0.0017041200000000002,-0.00157895,-0.00154693,-0.00160377,-0.00167452,-0.00164756,-0.0015974399999999999,-0.00156178,-0.00149617,-0.00145492,-0.0014358900000000002,-0.00142316,-0.00136385,-0.00130592,-0.0012277,-0.00117184,-0.00114313,-0.0011275999999999999,-0.0011273899999999998,-0.0011051899999999998,-0.00108474,-0.0010811,-0.00104892,-0.0010126299999999998,-0.0009687900000000001,-0.0009529,-0.00094129,-0.00091975,-0.00091478,-0.0009175100000000001,-0.00092893,-0.0009406299999999999,-0.00094299,-0.00095274,-0.00095177,-0.00095279
43,-0.00257721,-0.00261279,-0.00265289,-0.0025935000000000003,-0.00247835,-0.00237868,-0.00228711,-0.00213166,-0.00210122,-0.00212574,-0.0021815899999999997,-0.00216226,-0.00213558,-0.0020548000000000003,-0.00195128,-0.00176907,-0.0016866399999999999,-0.00165414,-0.00175876,-0.0017882899999999999,-0.00178185,-0.00172043,-0.0016562699999999998,-0.00158524,-0.00153502,-0.00152187,-0.0014749000000000001,-0.00142323,-0.00133604,-0.00127248,-0.0012423599999999999,-0.00122647,-0.00122509,-0.00120518,-0.0011794899999999998,-0.00117983,-0.00116343,-0.0011209800000000002,-0.00107196,-0.00105321,-0.00104634,-0.0010256400000000002,-0.00099913,-0.00100239,-0.00100956,-0.00102051,-0.00102962,-0.00104958,-0.00105419,-0.00105604
44,-0.00286062,-0.00287451,-0.0029011700000000002,-0.00290747,-0.00277149,-0.00266433,-0.00257577,-0.002443,-0.0023290000000000003,-0.00227135,-0.00230056,-0.00233488,-0.00235381,-0.0023268399999999997,-0.0022267199999999997,-0.0020501499999999997,-0.0019096999999999999,-0.00182154,-0.0018268100000000001,-0.0018886,-0.00194418,-0.00193158,-0.00185505,-0.00177169,-0.00168856,-0.00164569,-0.00160728,-0.00155927,-0.00148088,-0.00140491,-0.00137153,-0.00134605,-0.00134869,-0.0013168400000000001,-0.00129016,-0.001274,-0.0012664,-0.0012514700000000002,-0.00121031,-0.00119365,-0.00116072,-0.00114255,-0.0011111200000000002,-0.00110344,-0.00109894,-0.0011095999999999999,-0.0011247899999999999,-0.00116168,-0.0011723900000000002,-0.0011747300000000001
45,-0.0032105000000000002,-0.0032154799999999997,-0.00321611,-0.00317528,-0.0031122999999999997,-0.0030056099999999997,-0.00291917,-0.0028220800000000002,-0.0027055,-0.00254523,-0.00244626,-0.00246528,-0.00254313,-0.00254194,-0.00252233,-0.0023606,-0.00221281,-0.0020677599999999997,-0.00199365,-0.0019672,-0.00203593,-0.00210201,-0.00207883,-0.0019813400000000003,-0.00190893,-0.00182829,-0.0017660899999999999,-0.0016983,-0.00163258,-0.00156259,-0.00151913,-0.00147343,-0.00147357,-0.00144604,-0.0014301,-0.00139873,-0.00137447,-0.00135102,-0.00133029,-0.0013112299999999998,-0.0012746200000000002,-0.0012626299999999998,-0.0012458,-0.0012466900000000002,-0.0012138,-0.00120555,-0.00121858,-0.00124383,-0.00127854,-0.00128845
46,-0.00359705,-0.00354978,-0.0035605600000000004,-0.0034950100000000002,-0.00342291,-0.0033920300000000003,-0.00330204,-0.00318542,-0.00308296,-0.00292272,-0.0027433,-0.00265184,-0.0026993,-0.00275266,-0.00276315,-0.00270974,-0.0025510999999999997,-0.00240963,-0.00227218,-0.0021455199999999997,-0.0021121599999999996,-0.0022322799999999997,-0.00226302,-0.00222148,-0.00212795,-0.00204921,-0.00194645,-0.00186633,-0.00178654,-0.00173779,-0.00169645,-0.00164249,-0.00161077,-0.0015745899999999998,-0.0015542,-0.00151553,-0.00147787,-0.00145203,-0.0014463999999999998,-0.00145379,-0.0014081699999999998,-0.0013959999999999999,-0.00138178,-0.0013895,-0.0013585000000000001,-0.00132152,-0.0013314099999999999,-0.0013535600000000002,-0.00139357,-0.00142115
47,-0.00405746,-0.00397084,-0.00393946,-0.0038856700000000004,-0.00377169,-0.0037321200000000002,-0.0037191299999999997,-0.00358456,-0.0034843,-0.00334233,-0.00316936,-0.0029994,-0.00290961,-0.00294746,-0.00300482,-0.00297033,-0.00291682,-0.00277337,-0.00268538,-0.00245457,-0.0023603499999999998,-0.00230183,-0.0024231400000000003,-0.00240959,-0.0023918200000000002,-0.0022856499999999997,-0.00218941,-0.0020667399999999996,-0.00198421,-0.00190268,-0.0018691500000000002,-0.0018217,-0.0017779,-0.00172748,-0.00170291,-0.0016734599999999999,-0.0016394200000000002,-0.00160397,-0.0015782099999999998,-0.00158413,-0.00156616,-0.0015521799999999998,-0.0015424199999999999,-0.0015305599999999998,-0.0014862999999999999,-0.001462,-0.00144154,-0.0014778500000000002,-0.0015182,-0.00153188
48,-0.00443522,-0.0044523900000000005,-0.00443537,-0.00429997,-0.0042290999999999995,-0.00409391,-0.00411939,-0.00400997,-0.00386019,-0.00377273,-0.00361044,-0.00340558,-0.0032267899999999998,-0.00312459,-0.00318581,-0.00322541,-0.0031878,-0.0031326,-0.00298122,-0.00283913,-0.0026958299999999998,-0.00248,-0.00252016,-0.00264373,-0.0026149399999999996,-0.0025394199999999997,-0.00242448,-0.00231088,-0.0021482199999999997,-0.0020690599999999997,-0.0020470799999999997,-0.00200623,-0.00194347,-0.00189069,-0.00186036,-0.00185783,-0.0018222400000000001,-0.0017878899999999999,-0.0017394700000000001,-0.00173264,-0.00172851,-0.00173485,-0.0016971199999999999,-0.00167333,-0.0016370100000000002,-0.0016118200000000001,-0.0016185000000000001,-0.0016043000000000001,-0.00162888,-0.00166026
49,-0.0047795699999999995,-0.00490163,-0.00495322,-0.00477307,-0.00471941,-0.00459268,-0.00449978,-0.0043738200000000005,-0.0042965799999999995,-0.00415196,-0.004035599999999999,-0.0038834399999999997,-0.00361062,-0.00340289,-0.00334358,-0.00346035,-0.00343307,-0.00337487,-0.0032736,-0.0031386599999999997,-0.00312064,-0.00277059,-0.0026898499999999997,-0.00277631,-0.00284178,-0.00273494,-0.00265721,-0.0025247000000000004,-0.00234385,-0.0022737599999999997,-0.00224669,-0.00218086,-0.00213953,-0.0020945499999999997,-0.00204883,-0.00207424,-0.00199511,-0.00197729,-0.0019096900000000001,-0.00189466,-0.00188256,-0.00193487,-0.00185414,-0.00181124,-0.00179752,-0.0017579100000000001,-0.00180549,-0.00180555,-0.0017411000000000002,-0.00179271
50,-0.00528439,-0.00537674,-0.0054740399999999995,-0.00534324,-0.00523867,-0.00510082,-0.00493666,-0.00471805,-0.00470095,-0.00466972,-0.0044212,-0.00431264,-0.00405169,-0.0038357,-0.00363673,-0.0036498,-0.00362149,-0.00360487,-0.0034753500000000003,-0.00347119,-0.00349177,-0.00319975,-0.00299276,-0.00298351,-0.00298489,-0.0030150100000000003,-0.00287671,-0.0027824399999999997,-0.00253801,-0.0025596800000000004,-0.00249664,-0.00240147,-0.00236737,-0.00233175,-0.0022531599999999997,-0.00231248,-0.00220167,-0.00218995,-0.00213037,-0.00213662,-0.00207104,-0.0021359300000000003,-0.0020374,-0.00199608,-0.0019725999999999997,-0.00188823,-0.00200637,-0.00201696,-0.00192686,-0.00194072
51,-0.00583629,-0.00594855,-0.00600164,-0.00581794,-0.0057483000000000005,-0.00564214,-0.0054132699999999995,-0.0051794200000000006,-0.00507596,-0.00512229,-0.0048890900000000004,-0.00472776,-0.004484790000000001,-0.0043708900000000005,-0.0040371899999999995,-0.0039730699999999996,-0.00379905,-0.00383512,-0.0037476099999999997,-0.0037871899999999997,-0.0038318500000000004,-0.0035757500000000004,-0.0034262999999999997,-0.0033106200000000002,-0.0032419799999999998,-0.00318439,-0.00317641,-0.0030441699999999997,-0.00279502,-0.00286422,-0.00276465,-0.00262958,-0.0025916199999999998,-0.0025678999999999997,-0.00253453,-0.00255211,-0.0024127299999999996,-0.00238566,-0.00233308,-0.0023826399999999997,-0.00225426,-0.0023411,-0.00219817,-0.00219938,-0.0021659799999999996,-0.00208026,-0.00223908,-0.00224458,-0.0021246100000000003,-0.0020941700000000002
52,-0.006225329999999999,-0.00655438,-0.00658816,-0.0062901400000000005,-0.0062134799999999995,-0.0061882000000000005,-0.00599347,-0.00565594,-0.00553758,-0.005727540000000001,-0.00538435,-0.005208300000000001,-0.0049668,-0.0049445800000000005,-0.00455381,-0.004391689999999999,-0.00415466,-0.004063290000000001,-0.0040881699999999995,-0.00412673,-0.0040939800000000005,-0.00397462,-0.0038222200000000003,-0.00377064,-0.00357741,-0.00344605,-0.00338478,-0.0033785300000000002,-0.00310606,-0.0032035999999999996,-0.0030395500000000002,-0.0029291200000000003,-0.0028593299999999998,-0.00281801,-0.0027666,-0.0028171900000000002,-0.0026814900000000003,-0.00263746,-0.00257887,-0.0025917500000000003,-0.00250409,-0.00254192,-0.002451,-0.00236827,-0.0023824000000000002,-0.00229249,-0.00249598,-0.00251083,-0.00233585,-0.0022693500000000003
53,-0.00656026,-0.006925880000000001,-0.00716308,-0.00683662,-0.00671868,-0.00678604,-0.00667709,-0.00632306,-0.00606233,-0.00636172,-0.00595651,-0.00580056,-0.00562582,-0.0055044199999999995,-0.00513985,-0.004931619999999999,-0.00465818,-0.00451283,-0.00452507,-0.00452419,-0.00445901,-0.0042986199999999995,-0.00433171,-0.0041978499999999995,-0.00405802,-0.0038521299999999996,-0.00366109,-0.00361993,-0.00357124,-0.00353685,-0.00339121,-0.0032412,-0.0032046899999999996,-0.00307602,-0.0030505,-0.00305365,-0.00297306,-0.00293782,-0.0028136000000000003,-0.00283526,-0.00276953,-0.00280124,-0.00266759,-0.00260239,-0.0026028600000000002,-0.00249481,-0.0027597800000000003,-0.00274449,-0.00257426,-0.00249573
54,-0.00701249,-0.00721339,-0.00765015,-0.00750625,-0.007430310000000001,-0.00735204,-0.00736268,-0.00703068,-0.00675422,-0.00701677,-0.0066121,-0.00637751,-0.00630847,-0.00613941,-0.00574469,-0.005516790000000001,-0.00525268,-0.00507508,-0.0049651899999999995,-0.004852400000000001,-0.00485691,-0.0047415,-0.00471775,-0.00475241,-0.0044988400000000005,-0.00436997,-0.0040849200000000006,-0.0038843700000000003,-0.0038618199999999997,-0.00394442,-0.00367044,-0.00360449,-0.00351754,-0.00336792,-0.00334415,-0.00333089,-0.00330286,-0.003251,-0.00313255,-0.00307484,-0.00303912,-0.00304515,-0.00293885,-0.00284613,-0.00284811,-0.00275937,-0.00306065,-0.00301727,-0.00285977,-0.0027835399999999997
55,-0.00774357,-0.00784697,-0.00802098,-0.00807692,-0.00823524,-0.008086610000000001,-0.00801681,-0.00774303,-0.0076172,-0.007701939999999999,-0.0072870999999999995,-0.00717064,-0.0069863699999999996,-0.00674813,-0.00652319,-0.00614529,-0.005917029999999999,-0.00574457,-0.00552043,-0.00532435,-0.00520674,-0.00518652,-0.00504992,-0.00513631,-0.00510585,-0.004805080000000001,-0.00460673,-0.004288630000000001,-0.0042304000000000005,-0.0042015,-0.00408871,-0.00392519,-0.0038879,-0.00372144,-0.0037494800000000003,-0.00368757,-0.00358632,-0.0035345399999999996,-0.0034618799999999996,-0.00339633,-0.0033061799999999997,-0.00341599,-0.00324423,-0.00316628,-0.00310504,-0.00304572,-0.00332679,-0.00331236,-0.00315335,-0.00305204
56,-0.00917609,-0.00879861,-0.008649470000000001,-0.0085342,-0.00877589,-0.00886735,-0.008877359999999999,-0.008433350000000001,-0.008495929999999999,-0.00844572,-0.0080455,-0.007923930000000001,-0.00776228,-0.00742347,-0.00722023,-0.006871540000000001,-0.006636759999999999,-0.00640416,-0.00612969,-0.00595152,-0.00571875,-0.00566792,-0.005493420000000001,-0.00550912,-0.0055312,-0.00543699,-0.00511611,-0.00477699,-0.0046700100000000005,-0.0045834000000000005,-0.004352699999999999,-0.00441131,-0.00428644,-0.00415549,-0.00415143,-0.00405656,-0.0039050400000000002,-0.00387318,-0.00378184,-0.00382244,-0.0036452399999999997,-0.00372864,-0.00363678,-0.00350145,-0.00344309,-0.00331917,-0.00363921,-0.0035668,-0.00344311,-0.00338488
57,-0.01049363,-0.01042747,-0.009587809999999999,-0.009173230000000001,-0.009175599999999999,-0.00940818,-0.00976608,-0.009299400000000001,-0.00925262,-0.0092329,-0.00885876,-0.00876952,-0.008484529999999999,-0.00824141,-0.00788973,-0.00759479,-0.00745016,-0.00712842,-0.0067931,-0.00659654,-0.00636263,-0.00618546,-0.00599914,-0.00593374,-0.00597856,-0.005883810000000001,-0.00577906,-0.0053322000000000005,-0.00522991,-0.005075280000000001,-0.00474105,-0.0047225,-0.00477325,-0.00451947,-0.0046200799999999995,-0.004453820000000001,-0.00426745,-0.0042336,-0.00413964,-0.00415588,-0.00400849,-0.004083949999999999,-0.0039898,-0.00385567,-0.0037843200000000003,-0.0036991800000000003,-0.00397017,-0.00395936,-0.00377719,-0.00371094
58,-0.011546530000000001,-0.01198807,-0.01133647,-0.01011011,-0.00972556,-0.00983072,-0.01043018,-0.01013786,-0.010124290000000001,-0.01008792,-0.00971701,-0.009658110000000001,-0.00927533,-0.00904585,-0.00871425,-0.00825013,-0.00823729,-0.00795141,-0.00758228,-0.00732425,-0.007099370000000001,-0.00677813,-0.00665203,-0.00639648,-0.00644578,-0.0063441,-0.00617741,-0.00605403,-0.005718320000000001,-0.0056812500000000005,-0.00526405,-0.00515503,-0.00508915,-0.00510361,-0.00502546,-0.00494404,-0.00470936,-0.0047357,-0.00454303,-0.0044807,-0.00441107,-0.0045239500000000005,-0.00440221,-0.00423977,-0.0042450000000000005,-0.004098760000000001,-0.00442607,-0.00437108,-0.00415028,-0.00399283
59,-0.01239321,-0.01300838,-0.01299645,-0.01197954,-0.01085138,-0.01066159,-0.010923,-0.01085592,-0.01112204,-0.0110542,-0.010569760000000001,-0.01068028,-0.01026287,-0.009984980000000001,-0.009592169999999999,-0.009149039999999999,-0.00904456,-0.00873863,-0.00854536,-0.00810945,-0.00787193,-0.00757384,-0.00746552,-0.007064689999999999,-0.006997499999999999,-0.006943329999999999,-0.00660532,-0.0065887,-0.00643746,-0.00629313,-0.0059410999999999995,-0.005706190000000001,-0.00554171,-0.00548672,-0.00559897,-0.00540241,-0.00522478,-0.0051997400000000004,-0.00500352,-0.00486468,-0.0048419100000000005,-0.00499455,-0.00476285,-0.00470457,-0.004672539999999999,-0.00443489,-0.004938939999999999,-0.00482593,-0.004543790000000001,-0.0043729699999999995
60,-0.012948270000000001,-0.01384562,-0.014235939999999999,-0.01381087,-0.01288143,-0.01201842,-0.011784610000000001,-0.01141246,-0.011911350000000001,-0.01227493,-0.01167993,-0.01151831,-0.01134727,-0.01105018,-0.01065832,-0.01008279,-0.009958709999999999,-0.00956912,-0.009408860000000002,-0.009006769999999999,-0.008717460000000002,-0.00851999,-0.008426729999999999,-0.00790411,-0.00769678,-0.0075064599999999995,-0.00722117,-0.0070997199999999995,-0.0069524,-0.00716219,-0.006565959999999999,-0.00647209,-0.00608131,-0.00589963,-0.00591271,-0.00597738,-0.00573815,-0.00578153,-0.00556354,-0.00540751,-0.0053062,-0.00542641,-0.005163630000000001,-0.00519229,-0.00510935,-0.00491339,-0.00549042,-0.00538045,-0.00503277,-0.00479276
61,-0.01384564,-0.01446534,-0.01525365,-0.01515395,-0.01494759,-0.01417472,-0.013229570000000001,-0.01238146,-0.012503819999999999,-0.01321446,-0.012819520000000001,-0.012673819999999999,-0.012318059999999999,-0.01219476,-0.01190087,-0.011140259999999999,-0.0108889,-0.010638070000000001,-0.010256,-0.009958489999999999,-0.00969269,-0.00938484,-0.00922581,-0.008914730000000001,-0.00860171,-0.00814651,-0.00779145,-0.0077161600000000006,-0.00749301,-0.00774661,-0.0074968000000000005,-0.00705288,-0.00676647,-0.00653824,-0.00640338,-0.006419469999999999,-0.00638988,-0.00628838,-0.00624408,-0.006018239999999999,-0.005913750000000001,-0.00600859,-0.0056291200000000005,-0.0056983699999999995,-0.00562179,-0.00539756,-0.00601972,-0.00598401,-0.00555014,-0.0052580299999999995
62,-0.01501504,-0.015614010000000001,-0.015828929999999998,-0.01614255,-0.01626474,-0.016203600000000002,-0.01565498,-0.01383583,-0.01351377,-0.013869590000000001,-0.013775029999999999,-0.01392286,-0.013493690000000001,-0.013265599999999999,-0.01304011,-0.0124511,-0.01201878,-0.01167365,-0.01126603,-0.01099393,-0.01075544,-0.01043887,-0.01004992,-0.00990518,-0.00964445,-0.00904517,-0.00864557,-0.00824136,-0.0081741,-0.00836572,-0.00808289,-0.00788047,-0.00741088,-0.007268729999999999,-0.00705347,-0.0070661,-0.00678489,-0.0069419899999999994,-0.006809040000000001,-0.00676371,-0.00652093,-0.00667671,-0.0061476199999999995,-0.00623752,-0.0061468600000000005,-0.005988940000000001,-0.00673052,-0.006582709999999999,-0.0060808799999999994,-0.005805380000000001
63,-0.01657024,-0.0170646,-0.01694358,-0.016714800000000002,-0.017358440000000003,-0.01747022,-0.01794472,-0.01620413,-0.014903079999999999,-0.01497627,-0.01444957,-0.01487619,-0.01491433,-0.01454314,-0.01408282,-0.013787319999999999,-0.013203699999999999,-0.01291912,-0.01233814,-0.01215093,-0.01182602,-0.01144957,-0.01118676,-0.01094859,-0.010775930000000001,-0.0101031,-0.00966267,-0.00904609,-0.00882312,-0.00905955,-0.00872777,-0.00854423,-0.0083739,-0.007958090000000001,-0.00786859,-0.00784242,-0.00730441,-0.00730623,-0.0075707100000000005,-0.00734672,-0.007224370000000001,-0.00729064,-0.00681643,-0.00681439,-0.00669709,-0.00651206,-0.00745542,-0.00728812,-0.00673491,-0.00643261
64,-0.0181698,-0.018877289999999998,-0.018583970000000002,-0.017864719999999997,-0.017795839999999997,-0.01851731,-0.01953831,-0.018471599999999998,-0.01745806,-0.01662254,-0.015562379999999999,-0.01559203,-0.01593517,-0.015843120000000002,-0.01541967,-0.01492232,-0.014610680000000001,-0.01428247,-0.0136174,-0.01338169,-0.01315348,-0.01257633,-0.012405089999999999,-0.01209277,-0.011847129999999999,-0.01123574,-0.010668509999999999,-0.010021219999999999,-0.00975807,-0.009679819999999999,-0.00938006,-0.00924308,-0.0091313,-0.0090545,-0.008649839999999999,-0.008733119999999999,-0.00811152,-0.0079718,-0.0079619,-0.0081677,-0.007892979999999999,-0.00812409,-0.00754892,-0.00753546,-0.00736542,-0.00715075,-0.00817821,-0.00800002,-0.00750997,-0.00707322
65,-0.02026164,-0.02069238,-0.02059942,-0.01957787,-0.01905643,-0.01935865,-0.02071193,-0.02009634,-0.02002943,-0.019483550000000002,-0.01719412,-0.01698622,-0.016769140000000002,-0.016957999999999997,-0.016921099999999998,-0.01635995,-0.01599581,-0.01560603,-0.01520145,-0.01486041,-0.014450300000000001,-0.014073460000000001,-0.01369133,-0.013239649999999999,-0.01322213,-0.012502689999999999,-0.011807719999999999,-0.01125079,-0.01091678,-0.01059612,-0.01006344,-0.01010865,-0.00993192,-0.009910500000000001,-0.00985568,-0.009511150000000001,-0.009115999999999999,-0.00877162,-0.00863382,-0.00861661,-0.00879641,-0.008868220000000001,-0.00848152,-0.00831695,-0.00817299,-0.00776179,-0.00902553,-0.00876816,-0.0083544,-0.00788159
66,-0.02207317,-0.02287529,-0.02249172,-0.021689450000000002,-0.0209224,-0.02103172,-0.02151098,-0.02148417,-0.02183026,-0.02238797,-0.02028849,-0.01896205,-0.01832185,-0.01776886,-0.018086849999999998,-0.01790686,-0.017674060000000002,-0.0168783,-0.01675952,-0.01640308,-0.0159213,-0.015620050000000002,-0.015301180000000001,-0.0145162,-0.01456865,-0.013916959999999999,-0.01310843,-0.01253084,-0.01223374,-0.01178328,-0.011077400000000001,-0.010837870000000001,-0.01081715,-0.01072429,-0.01068898,-0.01064184,-0.01000423,-0.009896100000000001,-0.009530519999999999,-0.00936284,-0.00926124,-0.00980692,-0.00939539,-0.00924503,-0.00894594,-0.00864086,-0.009831340000000001,-0.00962622,-0.0091044,-0.00873015
67,-0.02437493,-0.02501424,-0.0248745,-0.02393065,-0.02336562,-0.022933520000000002,-0.02328728,-0.02235491,-0.02326028,-0.02455839,-0.02336522,-0.022316569999999997,-0.02030769,-0.01918317,-0.01892909,-0.01906496,-0.019420459999999997,-0.01854734,-0.01820559,-0.01805092,-0.017617260000000003,-0.017163699999999997,-0.01680944,-0.01610953,-0.01596881,-0.01543779,-0.01463332,-0.01390295,-0.01356672,-0.013232559999999999,-0.01245455,-0.01192502,-0.01159566,-0.01162674,-0.011532069999999998,-0.011566890000000002,-0.01124648,-0.010874990000000001,-0.01068839,-0.01022562,-0.010061,-0.010341469999999998,-0.01043034,-0.010118130000000001,-0.00993962,-0.00952093,-0.01084378,-0.01066513,-0.00992964,-0.00956274
68,-0.0262355,-0.02780696,-0.0271103,-0.026672440000000002,-0.02578423,-0.025568729999999998,-0.02550556,-0.02406533,-0.02436643,-0.02618537,-0.02567145,-0.02560766,-0.023863099999999998,-0.0213695,-0.02056542,-0.01999469,-0.02061656,-0.0204187,-0.02002446,-0.019535889999999997,-0.01935116,-0.0189714,-0.01846669,-0.0178339,-0.01781744,-0.01685246,-0.016146670000000002,-0.01545227,-0.01490116,-0.01473177,-0.01403294,-0.01328328,-0.01262538,-0.01238527,-0.012516329999999999,-0.01256108,-0.01224779,-0.01227016,-0.01169247,-0.0115031,-0.01105461,-0.011201019999999999,-0.01084396,-0.01127516,-0.01082164,-0.01063143,-0.01199379,-0.011863440000000001,-0.010846439999999999,-0.01042518
69,-0.02921105,-0.03008269,-0.03012683,-0.02937255,-0.02879303,-0.027775860000000003,-0.02831777,-0.026332209999999998,-0.02644344,-0.0271214,-0.02741328,-0.02797092,-0.027381239999999998,-0.02516534,-0.02292867,-0.02172578,-0.021418430000000002,-0.02200462,-0.021997430000000002,-0.02155559,-0.021056309999999998,-0.02079646,-0.02042865,-0.0199006,-0.01968735,-0.01869103,-0.01772326,-0.01705084,-0.01659938,-0.01637565,-0.015569689999999999,-0.014989319999999999,-0.013953720000000001,-0.013624,-0.01354442,-0.01370458,-0.01329569,-0.01334227,-0.01323433,-0.01261402,-0.01240494,-0.012205780000000001,-0.01166329,-0.01204521,-0.012085269999999999,-0.01164154,-0.013459059999999998,-0.01303578,-0.01216211,-0.01149565
70,-0.03207815,-0.03358048,-0.03305573,-0.03260201,-0.031518370000000004,-0.03090708,-0.0311869,-0.02952992,-0.02905196,-0.02941528,-0.0284996,-0.02986256,-0.02979523,-0.02883016,-0.02701541,-0.02455158,-0.02336081,-0.02325433,-0.02345579,-0.02370017,-0.02330117,-0.02262778,-0.02242686,-0.02194811,-0.021931819999999998,-0.02076023,-0.01964357,-0.01862504,-0.01844939,-0.01836072,-0.01716517,-0.01677953,-0.01577307,-0.01523127,-0.01480469,-0.014784269999999999,-0.01463035,-0.01452643,-0.01438357,-0.01449051,-0.0136761,-0.01378669,-0.012835929999999999,-0.01317325,-0.0128095,-0.01301684,-0.01491928,-0.01452554,-0.01354938,-0.01285309
71,-0.035608020000000004,-0.03677772,-0.03709904,-0.035308059999999995,-0.034886049999999995,-0.03406101,-0.034754219999999995,-0.03249175,-0.032390129999999996,-0.032452959999999996,-0.03075901,-0.03118887,-0.03200252,-0.0316923,-0.03097174,-0.02918463,-0.0264591,-0.02527055,-0.02472152,-0.02546781,-0.025715440000000003,-0.02512218,-0.024458010000000002,-0.0242093,-0.02435979,-0.0231252,-0.02166706,-0.02064993,-0.02043088,-0.020329049999999998,-0.01909301,-0.018648409999999997,-0.01771454,-0.01719769,-0.016591599999999998,-0.01630634,-0.01575388,-0.01576869,-0.01578881,-0.01584889,-0.01559955,-0.01533469,-0.01456227,-0.01456221,-0.013972110000000001,-0.013797140000000001,-0.01689706,-0.015994500000000002,-0.01522794,-0.014359859999999999
72,-0.03853192,-0.04061145,-0.04040473,-0.039556980000000005,-0.03793575,-0.03803488,-0.03850137,-0.03626625,-0.03553298,-0.03633959,-0.03377096,-0.033886360000000004,-0.03386092,-0.03405446,-0.03410974,-0.03363909,-0.03171396,-0.02851377,-0.026957850000000002,-0.02690159,-0.02762769,-0.027728560000000003,-0.02708437,-0.026405770000000002,-0.02681661,-0.02569004,-0.02418427,-0.02283466,-0.02281344,-0.02250357,-0.02110575,-0.02087096,-0.01973405,-0.01927544,-0.01880134,-0.01839428,-0.01744378,-0.01703279,-0.01734216,-0.01723512,-0.01698313,-0.01766084,-0.01637655,-0.016459869999999998,-0.01547452,-0.015123010000000001,-0.01801369,-0.01788154,-0.01680887,-0.016138629999999998
73,-0.042519379999999996,-0.04430793,-0.044626530000000005,-0.04314815,-0.04242079,-0.04134345,-0.04308665,-0.03993915,-0.03958019,-0.040102580000000006,-0.03780757,-0.03727934,-0.03673702,-0.03569584,-0.03658896,-0.03672038,-0.03681943,-0.03384065,-0.030608,-0.029547979999999998,-0.02924314,-0.02982994,-0.02978642,-0.029179629999999998,-0.02927769,-0.02851117,-0.02699882,-0.02549561,-0.025321490000000002,-0.025514119999999998,-0.023393280000000002,-0.023161110000000002,-0.02219156,-0.021493400000000003,-0.02108801,-0.020880009999999997,-0.019580919999999998,-0.0188335,-0.01882905,-0.0187683,-0.018473700000000003,-0.01944919,-0.01884361,-0.0183077,-0.01750345,-0.01684511,-0.0196635,-0.01903763,-0.01861722,-0.017771640000000002
74,-0.04774293,-0.0492986,-0.04867283,-0.04773296,-0.046474400000000006,-0.04642187,-0.0472977,-0.04459308,-0.04372214000000001,-0.04497293,-0.041676000000000005,-0.0419406,-0.04034547,-0.03877932,-0.03859811,-0.03911351,-0.04046211,-0.03902534,-0.03651495,-0.033472949999999994,-0.03202932,-0.03168763,-0.0320897,-0.03232019,-0.03240106,-0.03120579,-0.03023638,-0.028494980000000003,-0.02821169,-0.02842316,-0.026275919999999998,-0.02559462,-0.02473242,-0.02432943,-0.02371071,-0.023249099999999998,-0.022274000000000002,-0.02123076,-0.02102073,-0.02027682,-0.02026549,-0.02144321,-0.0207134,-0.02113504,-0.01958291,-0.01917216,-0.02183519,-0.02085935,-0.0203884,-0.01984131
75,-0.054439129999999995,-0.05562867,-0.054077,-0.052443159999999996,-0.05135761,-0.05072542,-0.052823140000000005,-0.04866308,-0.04903627,-0.04944556,-0.04645126,-0.04628748,-0.04483471,-0.04265023,-0.04198618,-0.04081626,-0.04326043,-0.042925620000000005,-0.042258180000000006,-0.040312680000000004,-0.03641925,-0.034541020000000006,-0.03424405,-0.03508506,-0.03574141,-0.03477459,-0.03328645,-0.0319734,-0.03153244,-0.0317953,-0.02911365,-0.028728010000000002,-0.027404610000000003,-0.02729027,-0.02696879,-0.026120450000000003,-0.02504799,-0.024190270000000003,-0.02375931,-0.0224853,-0.02204343,-0.02346734,-0.0227308,-0.023493220000000002,-0.02272015,-0.02124699,-0.02483831,-0.023269770000000002,-0.02295004,-0.021506229999999998
76,-0.06016966,-0.06314195,-0.06068665,-0.05822721,-0.05646127,-0.05608876,-0.057816110000000004,-0.05504214,-0.05341601,-0.05584447,-0.05074374,-0.05179213,-0.04904302,-0.0478417,-0.04586051,-0.044308999999999994,-0.04521804,-0.04614315,-0.04633536,-0.046674639999999996,-0.04380108,-0.038909660000000006,-0.0376654,-0.03734196,-0.03883372,-0.0386453,-0.0372587,-0.035336150000000004,-0.035183349999999995,-0.03568311,-0.032534640000000004,-0.03219182,-0.03089365,-0.0303112,-0.03001333,-0.02969635,-0.028101389999999997,-0.02740155,-0.026946519999999998,-0.025460450000000003,-0.0245149,-0.02565973,-0.024905860000000002,-0.026044989999999997,-0.02512265,-0.02453447,-0.027852540000000002,-0.026586330000000002,-0.025888110000000002,-0.023903189999999998
77,-0.06666852,-0.06996008999999999,-0.06804547,-0.06540011,-0.06280098,-0.06203161,-0.06401588999999999,-0.060899230000000006,-0.06018267,-0.061168509999999995,-0.056784430000000004,-0.05711351,-0.05488973,-0.05272234,-0.051383279999999996,-0.04889392,-0.048962269999999995,-0.04827642,-0.04977148,-0.05140303,-0.050998919999999996,-0.04679353,-0.042802570000000005,-0.0411063,-0.04152433,-0.041808979999999996,-0.04123858,-0.039611640000000004,-0.03895353,-0.03957286,-0.03648658,-0.03605591,-0.034535130000000004,-0.03415891,-0.03346599,-0.03337566,-0.03188153,-0.03100139,-0.03062877,-0.02915107,-0.02795504,-0.02872832,-0.0269959,-0.02863017,-0.02783716,-0.02742006,-0.03228756,-0.02992041,-0.029645869999999998,-0.02687444
78,-0.07345147,-0.07689574,-0.07605255,-0.07330318,-0.06980871999999999,-0.06852581,-0.07083999,-0.06705826000000001,-0.06557207,-0.06905139,-0.06232223,-0.06425465,-0.061187420000000006,-0.05907917,-0.0572958,-0.054946350000000005,-0.05413025,-0.05247846,-0.05228082,-0.055706719999999994,-0.05617863,-0.054506570000000004,-0.05128762,-0.04702465,-0.045693689999999995,-0.04460675,-0.044734180000000005,-0.04418376,-0.043697150000000004,-0.043905650000000004,-0.04072351,-0.040557,-0.03867993,-0.03836629,-0.03822911,-0.037271349999999995,-0.03601822,-0.03558618,-0.03467963,-0.03330603,-0.03213762,-0.03292325,-0.03034276,-0.03120305,-0.030823,-0.03056731,-0.036225059999999996,-0.03454066,-0.03293161,-0.03067268
79,-0.08075287,-0.0843195,-0.08419377,-0.08129694999999999,-0.07721117,-0.07557161999999999,-0.07816521,-0.07374332,-0.07248896,-0.07565822,-0.07034657,-0.07027347,-0.06911345,-0.06521824999999999,-0.06437085000000001,-0.061208799999999994,-0.06084301,-0.0581694,-0.057093809999999995,-0.05854759,-0.0605056,-0.060356969999999996,-0.059557200000000005,-0.05630987,-0.05242543,-0.049103560000000004,-0.0477095,-0.04801102,-0.04880584,-0.0500501,-0.04541623,-0.04540318,-0.04351196,-0.04308612,-0.042891660000000005,-0.04222339,-0.040684910000000005,-0.04018347,-0.03980695,-0.037917589999999994,-0.03650862999999999,-0.037717770000000005,-0.034532139999999996,-0.03503396,-0.03389797,-0.034263669999999996,-0.0402294,-0.03826877,-0.037656550000000004,-0.03445661
80,-0.08892703,-0.09274799,-0.09228739,-0.08908417,-0.08490023,-0.08325209,-0.08598398,-0.081268,-0.08140694999999999,-0.08444486999999999,-0.07759497,-0.07894161,-0.07596505,-0.07310905,-0.07124781,-0.06861324999999999,-0.06718953999999999,-0.0656582,-0.06285501,-0.06369121,-0.06339361,-0.06504983,-0.06573835,-0.06538732,-0.06276799,-0.0564903,-0.05245856,-0.05119696,-0.053677970000000005,-0.056380629999999994,-0.051541960000000005,-0.05091093,-0.04897046,-0.04868332,-0.0484997,-0.04728144,-0.04658743,-0.04498527,-0.04536898,-0.04355254,-0.04145095,-0.04317626,-0.03989206,-0.04038035,-0.03826999,-0.0378536,-0.044901449999999996,-0.04259073,-0.04245638,-0.04024124
81,-0.09838274,-0.10275679,-0.10023254,-0.09644758,-0.09282171,-0.09170337,-0.09434663,-0.09000052,-0.0904226,-0.0943386,-0.0860767,-0.08655336,-0.08569694,-0.07971125999999999,-0.08014546,-0.07597214,-0.07586327,-0.07307584,-0.07084468,-0.07035151,-0.06845905000000001,-0.06864792,-0.07106781,-0.0722921,-0.07305015000000001,-0.06881529,-0.06000004,-0.056610419999999995,-0.0577688,-0.06229878,-0.05757189,-0.05800362,-0.05558524,-0.05534518,-0.05516021,-0.05368248,-0.052622880000000004,-0.05102091,-0.05126312,-0.04931926,-0.04728375,-0.04906031,-0.04574856,-0.04673409,-0.04385749,-0.042589590000000004,-0.049456879999999995,-0.04751084,-0.04769134,-0.04537315
82,-0.10832521,-0.11302123,-0.11033065,-0.10620119,-0.10225015000000001,-0.10102556,-0.10386819,-0.09914586,-0.09965042,-0.10541726,-0.09536272,-0.09547620000000001,-0.09423671,-0.08993878999999999,-0.08758694,-0.08469528,-0.08405938,-0.08213066999999999,-0.07833042,-0.07898999000000001,-0.07569311999999999,-0.07438279,-0.07460995,-0.07818618,-0.08113854000000001,-0.08046286999999999,-0.07281904,-0.06472479,-0.06323936,-0.06719798,-0.06333543999999999,-0.06553013,-0.06346812,-0.06234657,-0.06251887,-0.06127858,-0.0596075,-0.057889380000000004,-0.05840198,-0.05508447,-0.05376792,-0.05662832,-0.0519611,-0.05356428,-0.050485340000000004,-0.04896499,-0.056095820000000005,-0.052320950000000005,-0.05349609,-0.05111929
83,-0.11921672999999999,-0.12425746,-0.12139243999999999,-0.11689265,-0.11259016,-0.11125172000000001,-0.11430826000000001,-0.10917816999999999,-0.1120114,-0.11552366,-0.10586933999999999,-0.10640332999999999,-0.10404147,-0.09869083999999999,-0.09831273,-0.09253775,-0.09451475999999999,-0.09057258,-0.0880518,-0.08716951,-0.0853954,-0.08211694,-0.08084214,-0.08226377,-0.08778151,-0.08926506000000001,-0.08558908,-0.07783570000000001,-0.07235085,-0.07332844,-0.06839462,-0.07216243,-0.07134041,-0.07122938999999999,-0.07044174,-0.06975752,-0.06756203999999999,-0.06583484,-0.06606161,-0.06244495,-0.06069011,-0.064565,-0.059920720000000004,-0.06095232,-0.057947780000000004,-0.056726950000000005,-0.06456023999999999,-0.059237479999999995,-0.05929015,-0.05733845
84,-0.1311317,-0.13654146,-0.13349399,-0.12859788,-0.12391661999999999,-0.12245705,-0.12574307,-0.12017159,-0.12368433000000001,-0.12972405,-0.11656202,-0.11833665,-0.11516597,-0.10826155,-0.10859893,-0.10359233999999999,-0.10339155,-0.10152662999999999,-0.09729734000000001,-0.09832446,-0.09451171,-0.09227903000000001,-0.08930047999999999,-0.08976286,-0.09273609999999999,-0.09669356000000001,-0.09626053,-0.09061163,-0.08685836000000001,-0.08338484,-0.07431873,-0.07779752999999999,-0.07874508,-0.08053342999999999,-0.08043822,-0.07888492999999999,-0.07653314,-0.07507584,-0.07512862,-0.0706111,-0.06890255,-0.07275175,-0.06829144,-0.07031601999999999,-0.06616518,-0.06502756,-0.07469920000000001,-0.06799121,-0.06731802999999999,-0.06346396
85,-0.14414494,-0.14994959,-0.14671191,-0.14139393,-0.13630592,-0.13471847,-0.13825058,-0.13220218,-0.13549411,-0.14318652,-0.13033734000000002,-0.13006522,-0.12751977,-0.11986327,-0.11898577,-0.11416669,-0.11587985,-0.11201732,-0.10939876999999999,-0.10770365,-0.10673959000000001,-0.10243711999999999,-0.1007016,-0.09926897999999999,-0.1008131,-0.10191625,-0.10495399000000001,-0.10076465,-0.10083862,-0.10126199,-0.08394069,-0.08521851999999999,-0.08469199999999999,-0.0887722,-0.09034727,-0.08991541,-0.08546897,-0.08503074,-0.08556585,-0.08061499000000001,-0.07759161,-0.08263666,-0.07689959,-0.08005917,-0.07657281,-0.07408655,-0.08494639,-0.07858489,-0.07784933,-0.07208193
86,-0.15833383,-0.16456082,-0.16112555,-0.1553612,-0.14983809,-0.14811689,-0.15191274999999999,-0.14535009,-0.14792803000000002,-0.15750004999999997,-0.14540803,-0.14508287,-0.13864659000000001,-0.13230433,-0.13049946,-0.12569435,-0.12804836,-0.12626848,-0.12021128,-0.12025847,-0.11758189,-0.11522677,-0.11173785,-0.11120072,-0.11057106,-0.10959579,-0.11056967000000001,-0.10973505,-0.11278973,-0.11906008,-0.10128567,-0.09686559,-0.09261806,-0.09533561,-0.09977274,-0.10102134,-0.09767805,-0.09516874,-0.09718142,-0.09205552,-0.08806124,-0.09361758,-0.08695084,-0.09074259000000001,-0.08688433999999999,-0.08525192,-0.09637326,-0.09014058,-0.09069709000000001,-0.08298009
87,-0.17377124,-0.18044937,-0.17680981,-0.17057653,-0.16459029,-0.16273073,-0.16680889999999998,-0.15969331,-0.16105423,-0.17156324,-0.15826912999999998,-0.16146711,-0.1545505,-0.14610061,-0.14375045,-0.13787631,-0.13963881,-0.13923329,-0.1343258,-0.13151147,-0.13082611,-0.12733443,-0.12602156,-0.12309302999999999,-0.12410781,-0.1204379,-0.11931003,-0.11605166,-0.12379617,-0.13488162,-0.11860582,-0.11760942,-0.10503623000000001,-0.10501202000000001,-0.10772583000000001,-0.1111233,-0.10994677,-0.10837766,-0.10900809,-0.10386244,-0.10021617000000001,-0.10650316,-0.09867578,-0.10366984,-0.09814473,-0.09728264,-0.11033362,-0.10267995,-0.10443639,-0.09563392
88,-0.19052454,-0.19768365,-0.19383412000000003,-0.18711234999999998,-0.180636,-0.17863515000000002,-0.18301489,-0.17530696,-0.1749815,-0.18638736,-0.17163082,-0.178944,-0.17238251,-0.16111151,-0.15846457,-0.15106355999999999,-0.15205972,-0.15269872,-0.14679354,-0.14885472,-0.14390617,-0.14179624999999998,-0.13925869,-0.13863481,-0.13734564,-0.13419069,-0.12895822999999998,-0.12588397,-0.13134585000000001,-0.14873795999999997,-0.13495840999999997,-0.1381694,-0.12555634000000002,-0.11957772,-0.11916784,-0.11989623,-0.12097861,-0.12260293,-0.12378449999999999,-0.11563459000000001,-0.11376156,-0.12194131,-0.11188433,-0.1169455,-0.11158288000000001,-0.10967577,-0.12503731,-0.11708652,-0.11971934000000001,-0.10920646
89,-0.20865372,-0.21632437999999998,-0.21226058,-0.20503487,-0.19804334,-0.19590048,-0.20060147,-0.19226168999999999,-0.19095525,-0.20328251,-0.18719085000000002,-0.19692279,-0.19067363,-0.17731944,-0.17456528,-0.16586338,-0.16646722,-0.16744794999999998,-0.16118937,-0.16252005,-0.16258835,-0.15429230000000002,-0.15463491999999998,-0.15309265,-0.15360546,-0.14869162,-0.14324118000000002,-0.13844207,-0.14286480000000001,-0.1574267,-0.14948244,-0.15657982999999998,-0.14688794,-0.1420484,-0.1352978,-0.13061091,-0.12982375,-0.1340942,-0.13971626,-0.13125102000000002,-0.12748797,-0.13847341,-0.12701273000000002,-0.13312549999999998,-0.12575027,-0.12481407,-0.14044989000000002,-0.13225772,-0.13736977,-0.12481779
90,-0.22820562,-0.23641846,-0.23213796,-0.22439838,-0.21686961999999999,-0.21458672999999998,-0.21962861,-0.21061844999999998,-0.21001383,-0.22326341,-0.20625427999999998,-0.21527631,-0.20845831999999997,-0.19478642999999998,-0.19194514000000001,-0.18274482,-0.18371122,-0.18430096,-0.17563355000000003,-0.17943098000000002,-0.17849094,-0.17382065,-0.16859802,-0.17102642,-0.17013131,-0.1664977,-0.15791370000000002,-0.15375274,-0.15485014,-0.16902565,-0.15893512999999998,-0.17285919000000002,-0.16637042999999999,-0.16623737,-0.1611605,-0.1482797,-0.14333416,-0.14285337,-0.15241632000000002,-0.14790221,-0.14441363000000002,-0.15419192,-0.14322137000000001,-0.15019741,-0.14171129,-0.13961275,-0.15904212999999998,-0.14710615999999999,-0.15510212999999998,-0.14274662000000002
91,-0.24921422999999998,-0.25799946,-0.25350215,-0.24524567,-0.23716176,-0.23474404000000001,-0.24014602,-0.23042884,-0.23334958,-0.24738496000000001,-0.23015326,-0.23391098,-0.22484125,-0.2135964,-0.21050102,-0.20221348,-0.20469684000000002,-0.20412523999999999,-0.19360803999999998,-0.19591651999999998,-0.19741372000000001,-0.19032485,-0.18854235,-0.18806102000000002,-0.18944387000000001,-0.18249295000000001,-0.17718743,-0.16879332,-0.17007028,-0.18242837,-0.16869644,-0.18307821999999999,-0.1834113,-0.18708121,-0.18761147,-0.17800574,-0.16159298000000002,-0.15514667,-0.16170348999999998,-0.16073133,-0.16178165000000003,-0.17410226,-0.15948648,-0.16888588,-0.15950525999999998,-0.15672135,-0.17717499,-0.16482385,-0.17299444,-0.16038611
92,-0.27168646,-0.28107273,-0.27636156,-0.26759386,-0.25894258000000003,-0.25639909,-0.26217913,-0.25172186,-0.25509516,-0.27002324,-0.25168432,-0.25564592999999997,-0.24602333999999998,-0.23399989999999998,-0.23068998999999998,-0.22176975,-0.22445236,-0.22381651,-0.21218218,-0.21278478,-0.2137483,-0.20795468,-0.20365011000000002,-0.20687047,-0.20850666,-0.20184094,-0.1951561,-0.18583668,-0.18649481,-0.19986497,-0.18053215,-0.19584775,-0.19395063999999998,-0.204505,-0.21057062,-0.20514391,-0.19169062,-0.17462224,-0.17421166999999999,-0.16969758,-0.17499657,-0.19439456000000002,-0.17888914,-0.18685147000000002,-0.17893692,-0.17553197,-0.19801905,-0.18235865,-0.19519121,-0.17741664000000001
93,-0.29560793999999996,-0.30562162,-0.30070314000000004,-0.29144019,-0.28221648,-0.27956065999999996,-0.28573481,-0.27450925,-0.27831616000000003,-0.29414008999999997,-0.27467312,-0.27886278,-0.26868678,-0.2558821,-0.25235894,-0.24279571000000003,-0.24567633,-0.24496688,-0.23216501,-0.23092609,-0.23043779,-0.22662754000000002,-0.21894854,-0.22689847,-0.22831837,-0.22266007999999998,-0.21383431,-0.20430976,-0.20684360000000002,-0.21690275,-0.19438294,-0.21030185,-0.20620581999999998,-0.21565581,-0.23043575000000002,-0.22849261,-0.22092028,-0.2083008,-0.19398253,-0.18505798999999998,-0.18350802,-0.20979606999999997,-0.19994021,-0.20892476999999998,-0.19799439000000002,-0.1952912,-0.22064947000000001,-0.20249035,-0.21559071,-0.19735329999999998
94,-0.32092991,-0.33159386999999996,-0.32647896,-0.31674905999999997,-0.30695675,-0.30420699,-0.31078841999999995,-0.29877316000000004,-0.30297768,-0.31968709,-0.29908343000000004,-0.30352963,-0.2928078,-0.2792325,-0.27550162,-0.26529468,-0.26836765,-0.26757458,-0.25373888,-0.25154545,-0.24993343999999998,-0.24723810000000002,-0.23730234,-0.24823443,-0.24935939,-0.24433813000000001,-0.23375451,-0.22413571,-0.22368805,-0.23985703,-0.2119219,-0.23046195,-0.21985214,-0.22987446,-0.24393489,-0.24724204,-0.24229597,-0.23887964,-0.23149324,-0.20420322,-0.19847264,-0.22028959,-0.21515286,-0.23199069,-0.22021005999999999,-0.21405299,-0.24246756,-0.22423637999999999,-0.24127948000000002,-0.2166804
95,-0.34682218,-0.3580693,-0.35278615,-0.34261742,-0.33227964,-0.32944477,-0.33640923,-0.32364128,-0.32827288,-0.34581586,-0.32417597,-0.32885466,-0.31763488,-0.30335879,-0.29944124,-0.28862266,-0.29187715,-0.29099593,-0.27659941,-0.27487036,-0.2735227,-0.27004561,-0.26037914,-0.27061334,-0.27177596,-0.26612753,-0.2551552,-0.24493299999999998,-0.24532243,-0.26261840000000003,-0.23376385,-0.25149237,-0.23720342,-0.24666924,-0.25896940999999996,-0.25746185000000005,-0.25938038,-0.25993569,-0.27084659,-0.24264073,-0.21883524,-0.23649102,-0.22399742,-0.24831766,-0.24271420000000002,-0.23749196,-0.26387246,-0.24722311,-0.26765714,-0.23755644
96,-0.37375855,-0.38558062,-0.38015078999999996,-0.36957724999999997,-0.35870844,-0.35580666,-0.36315256,-0.34963221,-0.35468451,-0.37302606,-0.35038711,-0.35530419,-0.34361470000000005,-0.32867213,-0.32457969000000003,-0.31316291,-0.31659109999999996,-0.31561308000000005,-0.30081581,-0.3014639,-0.30280713,-0.29570223,-0.29020693,-0.29409511,-0.29603943,-0.28757305,-0.27854889,-0.26661113999999997,-0.26027907,-0.28539963999999995,-0.25460101,-0.27693794000000005,-0.259519,-0.2679858,-0.27570496000000005,-0.27080950000000004,-0.26985856,-0.27468476,-0.29411552,-0.28193337,-0.2578757,-0.26075161,-0.23854504,-0.25565392,-0.26017046,-0.25951678,-0.28951348,-0.26683154000000003,-0.29275209999999996,-0.26210404
97,-0.40159181,-0.41397206,-0.40842156,-0.39748523999999996,-0.38610731,-0.38315953,-0.39088046000000004,-0.37661682,-0.38207976000000005,-0.40117181,-0.37758780000000003,-0.3827464,-0.37062453,-0.35506241,-0.35081063999999995,-0.33881803000000005,-0.34240898,-0.34132549,-0.3258354,-0.32646342,-0.32787058,-0.32052847,-0.31475464,-0.31876859,-0.32077466,-0.31187385,-0.30231495,-0.28976094,-0.2780951,-0.30577661,-0.27328087,-0.29984805999999997,-0.28161679,-0.28999212,-0.29349478,-0.28839848,-0.28500037,-0.28597714,-0.31174426,-0.30464851,-0.28327141,-0.29761991,-0.2667719,-0.27611327,-0.26811989999999997,-0.27425727,-0.30971456999999997,-0.2887169,-0.31636218000000005,-0.28385297000000004
98,-0.43014735000000004,-0.4430596,-0.43741884,-0.42616885000000004,-0.41431094,-0.41134035999999996,-0.41942466,-0.40443615,-0.41029818,-0.43007977,-0.40562221,-0.41102140000000004,-0.39851356,-0.38239132000000003,-0.3779994,-0.36546226000000004,-0.36920213,-0.36800466,-0.35186676,-0.35247028999999996,-0.35393847,-0.34638515000000003,-0.34034971999999997,-0.34447369,-0.34653624,-0.33721828,-0.32714377,-0.31400184000000003,-0.29899921,-0.32698551,-0.29304057,-0.32335778,-0.30618347,-0.31466638,-0.31398631,-0.31029703999999997,-0.30317202,-0.29733330999999996,-0.32550474,-0.32214844,-0.31078595000000003,-0.34374932999999996,-0.30067952000000003,-0.30065247,-0.27485574,-0.28869268,-0.32996823999999997,-0.31204962999999997,-0.34021233,-0.30570536
99,-0.45922301,-0.47263071,-0.46693423,-0.45542534,-0.44312323,-0.44015463,-0.44858508999999996,-0.4328997,-0.43915105,-0.45954905,-0.43430739999999995,-0.43994047999999997,-0.42710199,-0.41049078,-0.40598128,-0.39293941,-0.39681187,-0.39549225,-0.37876379,-0.37933767,-0.38086335000000004,-0.37313056,-0.36685538,-0.37107049999999997,-0.37318218999999997,-0.36347164,-0.35290855,-0.33921772,-0.32376844,-0.35216584,-0.31683907,-0.34941451,-0.33326886,-0.34210681,-0.33947552000000003,-0.33710189,-0.32728415,-0.31654179,-0.34459766999999997,-0.34184595,-0.33907707,-0.38129225,-0.33332936999999996,-0.32805301,-0.29050138,-0.30888304,-0.35410766,-0.33784437,-0.36628239,-0.33000356
100,-0.48859474999999997,-0.50245019,-0.49673621,-0.48502656,-0.47232137,-0.46938018,-0.47813393000000004,-0.46178904,-0.46842651,-0.48935722,-0.46343868,-0.46929086999999997,-0.45618533,-0.43916656,-0.43456487,-0.42106554999999996,-0.42505245,-0.42360295000000003,-0.40635302,-0.40689102000000005,-0.40847021,-0.40059568,-0.3941073,-0.39839156000000003,-0.40054246,-0.39047138000000003,-0.37945411,-0.36526423,-0.35474405000000003,-0.38419225999999995,-0.34725221,-0.38037702,-0.36338105000000004,-0.37276632,-0.3714293,-0.36864866999999996,-0.35895317,-0.34913891999999996,-0.37723151,-0.372587,-0.36737607000000005,-0.40821411,-0.36007805000000004,-0.35739148,-0.32257582,-0.33974756,-0.38575400000000004,-0.36754613,-0.39710755,-0.35984035999999997
